Texts|N
Available|N
at|N
Harvard|N
Coop|N
and|N
online|N
.|N
|N
Herrigel|N
,|N
|N
Zen|N
in the|N
Art|N
of|N
Archery|N
|N
(|N
ZAA|N
)|N
Kozak|N
,|N
|N
The|N
Everything|N
Buddhism|N
Book|N
|N
(|N
BB|N
)|N
Nhat|N
Hanh|N
,|N
|N
The|N
Miracle|N
of|N
Mindfulness|N
|N
(|N
MM|N
)|N
Reps|N
and|N
Senzaki|N
,|N
|N
Zen|N
Flesh|N
,|N
|N
Zen|N
Bones|N
|N
(|N
ZZ|N
)|N
Caplow|N
and|N
Moon|N
,|N
|N
The|N
Hidden|N
Lamp|N
|N
(|N
HL|N
)|N
Glassman|N
and|N
Fields|N
,|N
|N
Instructions|N
to|N
the|N
Cook|N
|N
(|N
IC|N
)|N
|N
Meetings|N
and|N
Assignments|N
|N
(|N
readings|N
are|N
for|N
date|N
listed|N
)|N
|N
|N
|N
|N
Aug|N
31|N
Beginnings|N
:|N
|N
The|N
course|N
.|N
|N
What|N
is|N
Zen|N
?|N
|N
Student|N
survey|N
;|N
|N
ZAA|N
vii|N
-|N
81|N
|N
|N
Sep|N
7|N
Buddha|N
:|N
|N
Terms|N
of|N
awakening|N
.|N
|N
FILM|N
BB|N
1|N
-|N
4|N
;|N
|N
MM|N
1|N
;|N
|N
Essay|N
1|N
|N
|N
|N
|N
14|N
Right|N
Conduct|N
and|N
Right|N
Mindfulness|N
BB|N
5|N
-|N
7|N
;|N
|N
MM|N
2|N
,|N
|N
111|N
-|N
140|N
|N
|N
|N
21|N
Buddhist|N
Philosophy|N
:|N
|N
meditative|N
vision|N
BB|N
8|N
-|N
9|N
;|N
|N
MM|N
3|N
;|N
|N
Essay|N
2|N
draft|N
|N
|N
|N
|N
28|N
China|N
and|N
the|N
Chan|N
Awakening|N
BB|N
10|N
,|N
|N
12|N
;|N
|N
ZZ|N
13|N
-|N
118|N
;|N
|N
MM|N
4|N
|N
|N
Oct|N
5|N
Women|N
'|N
s|N
voices|N
in|N
the|N
his

TEXT|N
:|N
|N
Course|N
pack|N
to|N
be|N
distributed|N
by|N
instructor|N
.|N
|N
 |N
REQUIREMENTS|N
:|N
|N
All|N
written|N
and|N
oral|N
assignments|N
must|N
be|N
done|N
in|N
order|N
to|N
complete|N
the|N
course|N
.|N
|N
Public|N
speaking|N
is|N
a|N
participation|N
course|N
|N
-|N
|N
presenting|N
,|N
|N
listening|N
,|N
|N
observing|N
,|N
|N
giving|N
feedback|N
and|N
learning|N
from|N
the|N
content|N
and|N
delivery|N
of|N
others|N
.|N
|N
Attendance|N
is|N
therefore|N
critical|N
.|N
|N
 |N
SPEECHES|N
:|N
            |N
1|N
.|N
|N
Introduction|N
speech|N
|N
(|N
2|N
min|N
.|N
|N
)|N
2|N
.|N
|N
Informative|N
speech|N
|N
(|N
5|N
min|N
.|N
|N
)|N
3|N
.|N
|N
Persuasive|N
speech|N
|N
(|N
5|N
-|N
7|N
min|N
.|N
|N
)|N
4|N
.|N
|N
Impromptu|N
speech|N
|N
(|N
2|N
-|N
3|N
min|N
.|N
|N
)|N
5|N
.|N
|N
Final|N
speech|N
|N
(|N
8|N
-|N
10|N
min|N
.|N
|N
)|N
|N
•|N
Each|N
videotaped|N
speech|N
must|N
be|N
followed|N
up|N
by|N
a|N
self|N
-|N
evaluation|N
|N
(|N
minimum|N
one|N
page|N
double|N
spaced|N
)|N
|N
.|N
|N
This|N
is|N
to|N
be|N
completed|N
after|N
watching|N
your|N
video|N
and|N
should|N
include|N
what|N
you|N
consider|N
to|N
be|N
your|N
strengths|N
and|N
weaknesses|N
.|N


Textbooks|N
|N
John|N
Watkins|N
,|N
|N
Simon|N
Mills|N
,|N
 Testing|N
IT|N
:|N
|N
An|N
Off|N
-|N
the|N
-|N
Shelf|N
Software|N
Testing|N
Process|N
,|N
|N
2nd edition|N
,|N
|N
2011|N
,|N
|N
Cambridge|N
University|N
Press|N
,|N
|N
ISBN|N
978|N
-|N
0521148016|N
James|N
Whittaker|N
,|N
|N
Jason|N
Arbon|N
,|N
|N
Jeff|N
Carollo|N
,|N
 How|N
Google|N
Tests|N
Software|N
,|N
|N
2012|N
,|N
|N
Addison|N
-|N
Wesley|N
,|N
|N
ISBN|N
978|N
-|N
0321803023|N
Jez|N
Humble|N
,|N
|N
David|N
Farley|N
,|N
 Continuous|N
Delivery|N
:|N
|N
Reliable|N
Software|N
Releases|N
through|N
Build|N
,|N
|N
Test|N
,|N
|N
and|N
Deployment|N
Automation|N
,|N
|N
2010|N
,|N
|N
Addison|N
-|N
Wesley|N
,|N
|N
978|N
-|N
0321601919|N
|N
 |N
Course|N
Objectives|N
The|N
course|N
is|N
intended|N
to|N
provide|N
students|N
with|N
an|N
understanding|N
of|N
:|N
|N
|N
Core|N
Testing|N
Concepts|N
Functional|N
and|N
Non|N
-|N
Functional|N
Testing|N
Integration|N
Testing|N
and|N
System|N
Testing|N
User|N
Acceptance|N
Testing|N
and|N
End|N
-|N
to|N
-|N
End|N
Testing|N
Test|N
-|N
Driven|N
Development|N
Continuous|N
Delivery|N
Model|N
and|N
Its|N
Im

Textbook|N
and|N
Notes|N
 |N
The|N
textbook|N
is|N
The|N
Joy|N
of|N
UX|N
,|N
|N
|N
(|N
2016|N
,|N
|N
240|N
pages|N
,|N
|N
Kindle|N
edition|N
|N
$|N
17|N
.|N
27|N
)|N
|N
,|N
|N
written|N
by|N
your|N
instructor|N
specifically|N
for|N
this|N
class|N
.|N
 |N
It|N
is|N
currently|N
Amazon’s|N
|N
#|N
1|N
New|N
Release|N
in|N
User|N
Experience|N
and|N
Website|N
Usability|N
|N
(|N
which|N
is|N
sort|N
of|N
like|N
being|N
the|N
tallest|N
building|N
in|N
Wichita|N
,|N
|N
Kansas|N
,|N
|N
but|N
I’ll|N
take|N
what|N
I|N
can|N
get|N
)|N
|N
.|N
|N
In|N
addition|N
,|N
|N
I|N
am|N
assigning|N
two|N
classic|N
works|N
in|N
the|N
UX|N
space|N
.|N
|N
They|N
provide|N
important|N
background|N
,|N
|N
and|N
are|N
also|N
fun|N
reads|N
.|N
|N
Please|N
read|N
them|N
both|N
,|N
|N
cover|N
to|N
cover|N
,|N
|N
in|N
the|N
order|N
shown|N
,|N
|N
before|N
the|N
start|N
of|N
the|N
class|N
.|N
|N
The|N
Design|N
of|N
Everyday|N
Things|N
by|N
Donald|N
Norman|N
|N
(|N
2013|N
,|N
|N
368|N
pages|N
,|N
|N
Kindle|N
edition|N
|N
$|N
|N
11|N
.|N
99|N
)|N
|N
The|N
Inmates|N
are|N
Running|N
The|N
Asylum|N
by|N
Alan|N
Cooper|N
|N
(|N
2004|N
,|N
|N
288|N
pages|N
,|N
|N
Kindle|N
edition|N
|N
$|N
18|N
.|N
71|N
)|N
|N
If

text|N
books|N
,|N
|N
distance|N
education|N
,|N
|N
and|N
the|N
course|N
meeting|N
schedule|N
.|N
|N
Teaching|N
Staff|N
Instructor|N
Eric|N
Gieseke|N
,|N
|N
ALM|N
Senior|N
Architect|N
,|N
|N
ACI|N
WorldwideTelephone|N
:|N
|N
781|N
-|N
330|N
-|N
9835|N
email|N
:|N
 egieseke|N
@|N
fas|N
.|N
harvard|N
.|N
edu|N
Teaching|N
Assistants|N
Moshtaq|N
Ahmed|N
Joseph|N
Carey |N
Sabina|N
Prajapati|N
Course|N
Description|N
|N
The|N
working|N
assumption|N
for|N
this|N
course|N
is|N
that|N
registered|N
students|N
are|N
proficient|N
in|N
programming|N
.|N
|N
 Our|N
goal|N
is|N
to|N
move|N
beyond|N
programming|N
-|N
specific|N
concerns|N
to|N
a|N
point|N
where|N
one|N
can|N
think|N
through|N
a|N
design|N
for|N
a|N
software|N
application|N
without|N
having|N
to|N
write|N
code|N
.|N
|N
 It|N
might|N
be|N
useful|N
for|N
you|N
to|N
apply|N
the|N
maxim|N
that|N
|N
"|N
You|N
can|N
'|N
t|N
take|N
people|N
from|N
where|N
they|N
'|N
re|N
not|N
to|N
where|N
they|N
don|N
'|N
t|N
want|N
to|N
go|N
"|N
|N
to|N
yourself|N
in|N
deciding|N
whether|N
you|N
want|N
to|N
take|N
thi

Books|N
to|N
buy|N
or|N
download|N
:|N
|N
|N
|N
Johannes|N
Kepler|N
,|N
 Somnium |N
(|N
Madison|N
:|N
|N
University|N
of|N
Wisconsin|N
Press|N
,|N
|N
2003|N
)|N
|N
.|N
|N
|N
|N
PDF|N
.|N
|N
|N
|N
|N
Jules|N
Verne|N
,|N
 From|N
the|N
Earth|N
to|N
the|N
Moon |N
(|N
Mineola|N
:|N
|N
Bantam|N
,|N
|N
2009|N
|N
[|N
1874|N
]|N
|N
)|N
|N
:|N
|N
selections|N
.|N
|N
|N
Available|N
online|N
:|N
 http|N
:|N
|N
/|N
|N
/|N
www|N
.|N
gutenberg|N
.|N
org|N
/|N
cache|N
/|N
epub|N
/|N
83|N
/|N
pg83|N
-|N
images|N
.|N
html |N
(|N
Links|N
to|N
an|N
external|N
site|N
.|N
|N
)|N
Links|N
to|N
an|N
external|N
site|N
.|N
|N
|N
|N
|N
|N
Charlotte|N
Perkins|N
Gilman|N
,|N
 Herland |N
(|N
New|N
York|N
:|N
|N
Dover|N
,|N
|N
2010|N
|N
[|N
1915|N
]|N
|N
)|N
|N
.|N
|N
|N
Available|N
online|N
:|N
 http|N
:|N
|N
/|N
|N
/|N
www|N
.|N
gutenberg|N
.|N
org|N
/|N
files|N
/|N
32|N
/|N
32|N
-|N
h|N
/|N
32|N
-|N
h|N
.|N
htm |N
(|N
Links|N
to|N
an|N
external|N
site|N
.|N
|N
)|N
Links|N
to|N
an|N
external|N
site|N
.|N
 |N
|N
|N
|N
Rokeya|N
Sakhawat|N
Hossein|N
,|N
 Sultana’s|N
Dream |N
(|N
New|N
York|N
:|N
|N
The|N
Feminist|N
Press|N
at|N
CUNY|N
,|N
|N
1988|N
)|N
|N
.|N
|N
|N
Available|N
online|N
:|N
 http|N
:|N
|N
/|N
|N
/|N
digital|N
.|N
library|N
.|N
upenn|N
.|N
edu|N
/|N
women|N
/|N
sultana|N
/|N
dream|N
/|N
dream|N
.|N
html |N
(|N
Links|N
to|N
an|N
external|N
site|N
.|N
|N
)|N
Links

textbooks|N
will|N
be|N
|N
"|N
Best|N
Food|N
Writing|N
of|N
2016|N
"|N
|N
and|N
|N
"|N
Will|N
Write|N
for|N
Food|N
"|N
|N
|N
(|N
third|N
edition|N
)|N
|N
Additionally|N
,|N
|N
there|N
will|N
be|N
links|N
to|N
articles|N
from|N
magazines|N
,|N
|N
newspapers|N
,|N
|N
and|N
blogs|N
.|N
|N
Short|N
video|N
clips|N
will|N
be|N
used|N
from|N
time|N
to|N
time|N
.|N
|N
Graduate|N
students|N
in|N
journalism|N
will|N
have|N
an|N
additional|N
project|N
on|N
a|N
food|N
issue|N
,|N
|N
to|N
be|N
determined|N
by|N
the|N
students|N
and|N
teacher|N
.|N
|N
You|N
will|N
be|N
expected|N
to|N
complete|N
a|N
total|N
of|N
three|N
short|N
in|N
-|N
class|N
assignments|N
during|N
the|N
intensive|N
weekend|N
.|N
|N
During|N
the|N
rest|N
of|N
the|N
semester|N
,|N
|N
there|N
will|N
be|N
three|N
major|N
written|N
assignments|N
–|N
a|N
full|N
profile|N
of|N
1|N
,|N
000|N
to|N
1|N
,|N
200|N
words|N
;|N
|N
a|N
restaurant|N
review|N
of|N
800|N
words|N
;|N
|N
and|N
a|N
recipe|N
story|N
of|N
600|N
-|N
800|N
words|N
plus|N
recipe|N
.|N
|N
There|N
will|N
also|N
be|N
one|N
to|N
two|N
smaller|N
assignments|N
of|N
300|N
words|N
or|N
le

textbooks|N
assigned|N
for|N
the|N
course|N
which|N
can|N
be|N
purchased|N
online|N
or|N
at|N
the|N
Harvard|N
Coop|N
Bookstore|N
:|N
 |N
|N
|N
|N
|N
Title|N
:|N
 Anarchist|N
'|N
s|N
Guide|N
to|N
Historic|N
House|N
Museums|N
|N
|N
|N
|N
Author|N
:|N
 Franklin|N
D|N
Vagnone|N
,|N
|N
Deborah|N
E|N
Ryan|N
,|N
|N
Gretchen|N
Sorin|N
|N
(|N
Foreword|N
by|N
)|N
|N
|N
|N
|N
|N
Publisher|N
:|N
 Left|N
Coast|N
Press|N
|N
|N
|N
|N
ISBN|N
:|N
 9781629581712|N
|N
|N
|N
|N
Publication|N
Date|N
:|N
 10|N
/|N
31|N
/|N
2015|N
|N
|N
|N
|N
 |N
|N
|N
|N
|N
Title|N
:|N
 New|N
Solutions|N
for|N
House|N
Museums|N
:|N
|N
Ensuring|N
the|N
Long|N
-|N
Term|N
Preservation|N
of|N
America|N
'|N
s|N
Historic|N
Houses|N
|N
||N
|N
Edition|N
:|N
|N
1|N
|N
|N
|N
|N
Author|N
:|N
 Donna|N
Ann|N
Harris|N
,|N
|N
Thomas|N
A|N
.|N
|N
Mason|N
|N
(|N
Editor|N
)|N
|N
|N
|N
|N
|N
Publisher|N
:|N
 AltaMira|N
Press|N
|N
|N
|N
|N
ISBN|N
:|N
 9780759110878|N
|N
|N
|N
|N
Publication|N
Date|N
:|N
 04|N
/|N
16|N
/|N
2007|N
|N
|N
|N
|N
 |N
There|N
will|N
also|N
be|N
supplemental|N
required|N
readings|N
from|N
chosen|N
articles|N
and|N
books|N
that|N
will|N
be|N
available|N
to|N
you|N
on|N
the|N
course|N
website

textbooks|N
are|N
:|N
|N
Barry|N
Higman|N
,|N
|N
A|N
Concise|N
History|N
of|N
the|N
Caribbean|N
.|N
|N
Stephan|N
Palmie|N
and|N
Francisco|N
Scarano|N
,|N
|N
The|N
Caribbean|N
:|N
|N
A|N
History|N
of|N
the|N
Region|N
and|N
its Peoples|N
.|N
|N
|N
*|N
|N
*|N
|N
*|N
The|N
remainder|N
of|N
the|N
readings|N
may|N
be|N
found|N
under|N
|N
"|N
Modules|N
.|N
|N
"|N
|N
*|N
|N
*|N
|N
*|N
|N
|N
|N
|N
|N
|N
 Course|N
Information|N
|N
|N
|N
|N
|N
The|N
Caribbean|N
:|N
 Globalization|N
,|N
|N
Socio|N
-|N
Economic|N
Development|N
and|N
Cultural|N
Adaptations|N
Course|N
Instructor|N
:|N
|N
Professor|N
Orlando|N
Patterson|N
,|N
|N
Department|N
of|N
Sociology|N
,|N
|N
WJH|N
520|N
,|N
|N
opatters|N
@|N
fas|N
.|N
harvard|N
.|N
edu|N
Teaching|N
Assistant|N
:|N
 Benjamin|N
Bolger|N
,|N
|N
bolger|N
@|N
post|N
.|N
harvard|N
.|N
edu|N
COURSE|N
DESCRIPTION|N
AND|N
OBJECTIVES|N
In|N
the|N
broadest|N
terms|N
,|N
|N
our|N
objective|N
is|N
to|N
introduce|N
students|N
to|N
the|N
full|N
range|N
of|N
Caribbean|N
societies|N
and|N
cultures|N
,|N
|N
then|N
attempt|N
to|N
make|N
historical|N
and|N
sociological|N
sense|N
of|N
the|N
region|N
as|N
a

Texts|N
:|N
|N
|N
Readings|N
will|N
be|N
available|N
via|N
the|N
course|N
website|N
.|N
|N
These|N
are|N
purposely|N
brief|N
|N
(|N
5|N
-|N
10|N
pages|N
long|N
)|N
|N
,|N
|N
to|N
encourage|N
you|N
to|N
engage|N
with|N
the|N
content|N
on|N
a|N
deeper|N
level|N
.|N
|N
Sometimes|N
,|N
|N
supplemental|N
readings|N
will|N
be|N
provided|N
,|N
|N
in|N
case|N
you|N
wish|N
to|N
gain|N
more|N
contextual|N
understanding|N
of|N
our|N
topic|N
.|N
|N
|N
 |N
|N
|N
Course|N
Design|N
,|N
|N
requirements|N
,|N
|N
and|N
expectations|N
:|N
|N
Prerequisites|N
:|N
|N
|N
As|N
this|N
is|N
an|N
intensive|N
writing|N
class|N
,|N
|N
it|N
is|N
important|N
that|N
you|N
have|N
the|N
basic|N
skills|N
to|N
complete|N
the|N
core|N
requirements|N
thereof|N
.|N
|N
Thus|N
,|N
|N
on|N
the|N
first|N
day|N
of|N
class|N
,|N
|N
I|N
will|N
ask|N
for|N
an|N
in|N
-|N
class|N
writing|N
sample|N
to|N
make|N
sure|N
you|N
are|N
prepared|N
to|N
write|N
at|N
the|N
level|N
required|N
in|N
this|N
course|N
.|N
 |N
If|N
I|N
have|N
any|N
concerns|N
about|N
your|N
ability|N
to|N
succeed|N
in|N
this|N
class|N
,|N
|N
I|N
will|N
communicate|N
w

Texts|N
and|N
Readings|N
There|N
are|N
three|N
required|N
texts|N
for|N
the|N
course|N
:|N
|N
Robert|N
Pinsky’s|N
Singing|N
School|N
:|N
|N
Learning|N
to|N
Write|N
|N
(|N
and|N
Read|N
)|N
|N
Poetry|N
by|N
Studying|N
with|N
the|N
Masters|N
|N
(|N
Norton|N
2013|N
)|N
|N
,|N
|N
Edward|N
Hirsch’s|N
The|N
Essential|N
Poet’s|N
Glossary|N
|N
(|N
Mariner|N
Books|N
20017|N
)|N
|N
,|N
|N
and|N
The|N
Making|N
of|N
a|N
Poem|N
,|N
|N
edited|N
by|N
Mark|N
Strand|N
and|N
Eavan|N
Boland|N
|N
(|N
Norton|N
2001|N
)|N
|N
.|N
|N
In|N
addition|N
,|N
|N
there|N
will|N
be|N
a|N
number|N
of|N
assigned|N
texts|N
from|N
the|N
online|N
course|N
reader|N
–|N
short|N
essays|N
,|N
|N
sets|N
of|N
poems|N
,|N
|N
optional|N
exercises|N
,|N
|N
handouts|N
on|N
technique|N
and|N
terminology|N
–|N
to|N
help|N
provide|N
a|N
shared|N
frame|N
of|N
reference|N
as|N
we|N
examine|N
how|N
sterling|N
poems|N
of|N
various|N
kinds|N
are|N
artfully|N
designed|N
and|N
skillfully|N
executed|N
.|N
|N
 |N
Course|N
Requirements|N
|N
1|N
)|N
|N
Portfolio|N
of|N
poems|N
 Everyone|N
will|N
write|N
a|N
minimum|N
of|N
sev

TEXTS|N
:|N
|N
                     |N
The|N
Anatomy|N
of|N
Story|N
,|N
|N
John|N
Truby                     |N
Story|N
,|N
|N
Robert|N
McKee|N
|N
(|N
Recommended|N
)|N
|N
                     |N
|N
ALSO|N
INTERESTING|N
,|N
|N
INFORMATIVE|N
and|N
/|N
or|N
FUN|N
:|N
|N
Save|N
the|N
Cat|N
,|N
|N
Blake|N
SnyderWriting|N
Movies|N
for|N
Fun|N
and|N
Profit|N
,|N
|N
Robert|N
Ben|N
Garant|N
|N
&|N
|N
Thomas|N
LennonHow|N
to|N
Write|N
Groundhog|N
Day|N
,|N
|N
Danny|N
RubinOn|N
Writing|N
,|N
|N
Stephen|N
King|N
–|N
a|N
wonderful|N
readThe|N
Art|N
of|N
Fiction|N
,|N
|N
John|N
Gardner|N
–|N
Thoughts|N
on|N
Fiction|N
Course|N
pack|N
materials|N
provided|N
by|N
Dr|N
.|N
|N
Steinberg|N
 |N
COURSE|N
GOALS|N
:|N
|N
Beginning|N
Screenwriting|N
is|N
an|N
intensive|N
course|N
that|N
provides|N
participants|N
with|N
a|N
command|N
of|N
basic|N
screenwriting|N
elements|N
and|N
creative|N
methods|N
.|N
|N
The|N
course|N
goal|N
is|N
to|N
promote|N
each|N
member|N
'|N
s|N
originality|N
,|N
|N
voice|N
,|N
|N
knowledge|N
and|N
screenwriting|N
technical|N
ski

Texts|N
and|N
Materials|N
 |N
In|N
some|N
classes|N
,|N
|N
the|N
texts|N
we|N
turn|N
to|N
will|N
be|N
your|N
own|N
writing|N
:|N
|N
your|N
response|N
papers|N
,|N
|N
drafts|N
and|N
revised|N
essays|N
will|N
be|N
part|N
of|N
what|N
we|N
read|N
and|N
discuss|N
.|N
|N
All|N
writing|N
you|N
do|N
for|N
this|N
class|N
is|N
public|N
–|N
in|N
other|N
words|N
,|N
|N
it|N
may|N
be|N
chosen|N
as|N
one|N
of|N
the|N
examples|N
for|N
us|N
to|N
consider|N
.|N
|N
If|N
there|N
is|N
ever|N
a|N
particular|N
piece|N
you|N
don’t|N
want|N
others|N
to|N
see|N
,|N
|N
please|N
let|N
me|N
know|N
when|N
you|N
submit|N
it|N
.|N
|N
 |N
Texts|N
to|N
Purchase|N
 |N
Graff|N
,|N
|N
G|N
.|N
|N
|N
&|N
|N
Birkenstein|N
,|N
|N
C|N
.|N
|N
|N
(|N
2014|N
)|N
|N
.|N
|N
They|N
say|N
I|N
say|N
:|N
|N
Moves|N
that|N
matter|N
in|N
academic|N
|N
           |N
Writing|N
,|N
|N
3rd|N
ed|N
.|N
|N
New|N
York|N
and|N
London|N
:|N
|N
W|N
.|N
|N
W|N
.|N
|N
Norton|N
and|N
company|N
.|N
|N
 |N
Gladwell|N
,|N
|N
M|N
.|N
|N
|N
(|N
2008|N
)|N
|N
.|N
|N
Outliers|N
:|N
|N
The|N
story|N
of|N
success|N
.|N
|N
New|N
York|N
,|N
|N
Boston|N
and|N
London|N
:|N
|N
Back|N
Bay|N
Books|N
.|N
|N
 |N
Lareau|N
,|N
|N
A|N
.|N
|N
|N
(|N
2011|N
)|N
|N
.|N
|N
Unequal|N
childhoods|N
:|N


Texts|N
and|N
Reading|N
:|N
|N
You|N
are|N
required|N
to|N
purchase|N
the|N
following|N
text|N
for|N
this|N
class|N
:|N
|N
|N
Garner|N
,|N
|N
Bryan|N
A|N
.|N
|N
HBR|N
Guide|N
to|N
Better|N
Business|N
Writing|N
.|N
|N
Boston|N
:|N
|N
Harvard|N
Business|N
Review|N
Press|N
,|N
|N
2012|N
.|N
|N
ISBN|N
|N
#|N
|N
9781422184035|N
|N
Additionally|N
,|N
|N
there|N
are|N
several|N
other|N
texts|N
that|N
you|N
will|N
be required to|N
read|N
.|N
|N
These|N
readings|N
will|N
be|N
posted|N
to|N
the|N
course’s|N
Canvas|N
site|N
and|N
available|N
for|N
download|N
.|N
|N
Failure|N
to|N
read|N
these|N
texts|N
will|N
not|N
only|N
affect|N
your|N
participation|N
grade|N
but|N
will|N
seriously|N
impair|N
your|N
ability|N
to|N
write|N
assignments|N
successfully|N
.|N
|N
I|N
recommend|N
but|N
do|N
not|N
require|N
that|N
you|N
print|N
out|N
copies|N
of|N
the|N
texts|N
;|N
|N
research|N
shows|N
that|N
printing|N
out|N
texts|N
and|N
physically|N
marking|N
them|N
up|N
is|N
one|N
of|N
the|N
most|N
effective|N
ways|N
to|N
be|N
an|N
“active”|N
reader|N
|N
(|N
and|N
t

Texts|N
:|N
|N
Jim|N
Cullen|N
.|N
|N
The|N
American|N
Dream|N
:|N
|N
A|N
Short|N
History|N
of|N
an|N
Idea|N
That|N
Shaped|N
a|N
Nation|N
.|N
 Morris|N
Dickstein|N
.|N
|N
Dancing|N
in|N
the|N
Dark|N
:|N
|N
A|N
Cultural|N
History|N
of|N
the|N
Great|N
Depression|N
.|N
|N
Laura|N
Mulvey|N
.|N
|N
Citizen|N
Kane|N
.|N
Salman|N
Rushdie|N
.|N
|N
The|N
Wizard|N
of|N
Oz|N
.|N
|N
 |N
Recommended|N
:|N
|N
J|N
.|N
|N
Hoberman|N
.|N
|N
An|N
Army|N
of|N
Phantoms|N
.|N
|N
American|N
Movies|N
and|N
the|N
Making|N
of|N
the|N
Cold|N
War|N
.|N
|N
 |N
Required|N
Articles|N
:|N
|N
Readings|N
marked|N
as|N
PDF|N
|N
(|N
i|N
.|N
e|N
.|N
|N
articles|N
)|N
|N
can|N
be|N
downloaded|N
free|N
,|N
|N
directly|N
from|N
the|N
course|N
website|N
.|N
|N
 |N
Course|N
Requirements|N
:|N
|N
Weekly|N
postings|N
|N
(|N
ca|N
.|N
|N
250|N
words|N
)|N
|N
|N
+|N
|N
responses|N
 |N
 |N
 |N
40|N
%|N
|N
|N
(|N
400|N
points|N
)|N
|N
Midterm|N
examination|N
 |N
 |N
 |N
 |N
 |N
 |N
 |N
 |N
 |N
 |N
 |N
 |N
 |N
 |N
 |N
 |N
 |N
 |N
 |N
 |N
 |N
 |N
 20|N
%|N
|N
|N
(|N
200|N
points|N
)|N
|N
Comprehensive|N
final|N
project|N
 |N
 |N
 |N
 |N
 |N
 |N
 |N
 |N
 |N
 |N
 |N
 |N
 |N
 |N
 |N
 |N
 |N
40|N
%|N
|N
|N
(|N
400|N
points|N
)|N
|N
 |N
Academic|N
Integrity|N
Discus

Textbook|N
:|N
|N
 J|N
.|N
|N
Bennett|N
,|N
|N
M|N
.|N
|N
Donahue|N
,|N
|N
N|N
.|N
|N
Schneider|N
,|N
|N
M|N
.|N
|N
Voit|N
,|N
 |N
‘The|N
Cosmic|N
Perspective’|N
,|N
|N
Addison|N
Wesley|N
.|N
|N
Additional|N
notes|N
for|N
the|N
course|N
will|N
be|N
distributed|N
during|N
the|N
semester|N
.|N
|N
 |N
Note|N
:|N
|N
Extra|N
material|N
and|N
assignments|N
will|N
be|N
made|N
available|N
for|N
graduate|N
credit|N
.|N
|N
 |N
 |N
Astrobiology|N
,|N
|N
the|N
subject|N
of|N
this|N
course|N
,|N
|N
is|N
a|N
new|N
discipline|N
born|N
out|N
of|N
the|N
convergence|N
of|N
all|N
scientific|N
inquiry|N
currently|N
under|N
way|N
on|N
the|N
question|N
of|N
the|N
origin|N
and|N
development|N
of|N
life|N
here|N
on|N
Earth|N
and|N
potentially|N
elsewhere|N
in|N
the|N
Universe|N
.|N
|N
Recent|N
advances|N
in|N
planetary|N
exploration|N
,|N
|N
astronomy|N
,|N
|N
geochemistry|N
and|N
biochemistry|N
are|N
leading|N
to|N
a|N
revolution|N
in|N
our|N
ideas|N
on|N
the|N
emergence|N
of|N
life|N
on|N
our|N
own|N
planet|N
and|N
the|N
likelihood|N
of|N
finding|N
life|N
outside|N
the|N
Earth|N
.|N


Textbooks|N
|N
|N
|N
|N
We|N
will|N
be|N
using|N
the|N
text|N
Numerical|N
Analysis|N
,|N
|N
by|N
Timothy|N
Sauer|N
.|N
|N
 You|N
may|N
use|N
either|N
the|N
first or|N
the|N
second|N
edition|N
.|N
|N
 There|N
are|N
used|N
copies|N
of|N
the|N
first|N
edition|N
on|N
sale|N
on|N
Amazon|N
for|N
under|N
|N
$|N
25|N
.|N
 |N
The|N
Harvard|N
COOP|N
has|N
copies|N
of|N
the|N
second|N
edition|N
.|N
 |N
|N
|N
|N
|N
|N
|N
|N
|N
There|N
are|N
a|N
few|N
errors|N
that|N
were|N
fixed|N
in|N
the|N
second|N
edition|N
,|N
|N
and|N
it has|N
additional|N
material|N
.|N
 |N
|N
|N
The|N
sample|N
programs|N
from|N
the|N
book|N
are|N
here|N
:|N
|N
http|N
:|N
|N
/|N
|N
/|N
wps|N
.|N
aw|N
.|N
com|N
/|N
aw|N
_|N
sauer|N
_|N
numerical|N
_|N
2|N
/|N
212|N
/|N
54479|N
/|N
13946682|N
.|N
cw|N
/|N
index|N
.|N
html|N
 |N
You|N
may|N
download|N
the|N
text|N
Numerical|N
Computing|N
with|N
MATLAB|N
,|N
 by|N
Cleve|N
Moler|N
.|N
|N
Cleve|N
Moler|N
is|N
the|N
Chief|N
Mathematician at|N
Matlab|N
.|N
 The|N
book|N
covers|N
similar|N
material|N
,|N
|N
but|N
from|N
a|N
very|N
different|N
perspective|N
.|N
|N
  |N
  |N
 http|N
:|N
|N
/|N
|N
/|N
www|N
.|N
mathworks|N
.|N
com|N
/|N
moler|N
/|N
index|N
_|N
ncm

Books|N
for|N
purchase|N
:|N
|N
These|N
are|N
available|N
at|N
the|N
Coop|N
,|N
|N
and|N
also|N
should|N
be|N
easily|N
found|N
on|N
Amazon|N
or|N
elsewhere|N
online|N
;|N
|N
the|N
DoD|N
handbook|N
is|N
online|N
and|N
will|N
also|N
be|N
in|N
your|N
reader|N
.|N
|N
Graham|N
Allison|N
,|N
|N
Nuclear|N
Terrorism|N
Thomas|N
Nichols|N
,|N
|N
No|N
Use|N
:|N
|N
Nuclear|N
Weapons|N
and|N
U|N
.|N
S|N
.|N
|N
National|N
Security|N
U|N
.|N
S|N
.|N
|N
Department|N
of|N
Defense|N
,|N
|N
Nuclear|N
Matters|N
Handbook|N
2016|N
John|N
Newhouse|N
,|N
|N
War|N
and|N
Peace|N
in|N
the|N
Nuclear|N
Age|N
|N
(|N
note|N
:|N
|N
this|N
book|N
is|N
out|N
of|N
print|N
but|N
cheaply|N
available|N
on|N
Amazon|N
and|N
other|N
sellers|N
.|N
|N
)|N
|N
GRADUATE|N
STUDENTS|N
ONLY|N
:|N
|N
Kenneth|N
Waltz|N
and|N
Scott|N
Sagan|N
,|N
|N
The|N
Spread|N
of|N
Nuclear|N
Weapons|N
:|N
|N
An|N
Enduring|N
Debate|N
,|N
|N
Third|N
Edition|N
S|N
-|N
1886|N
Coursepack|N
by|N
University|N
Readers|N
.|N
|N
To|N
purchase|N
,|N
|N
go|N
to|N
www|N
.|N
universityreaders|N
.|N
com|N
and|N
click|N
on|N
the|N
“Students|N
/|N
Buy|N
Now”|N
button|N
.|N
|N
You|N
can|N
immediately|N
d

text|N
version|N
appears|N
below|N
.|N
|N
 If|N
you|N
need|N
a|N
pdf|N
version|N
of|N
the|N
syllabus|N
,|N
|N
please|N
send|N
a|N
message|N
to|N
the|N
instructor|N
darias|N
@|N
fas|N
.|N
harvard|N
.|N
edu |N
.|N
|N
|N
)|N
 |N
 |N
 |N
 |N
 |N
 |N
 |N
  |N
 |N
08|N
/|N
29|N
/|N
17|N
 |N
 |N
   |N
 |N
 |N
  Math|N
E|N
-|N
10|N
|N
Precalculus|N
 |N
 |N
 |N
 |N
 |N
 |N
 |N
  Fall|N
2017|N
 |N
Instructor|N
:|N
|N
|N
David|N
Arias|N
,|N
|N
Ed|N
.|N
D|N
.|N
|N
 |N
 |N
 |N
 |N
 |N
 |N
 |N
 |N
 E|N
-|N
mail|N
:|N
|N
darias|N
@|N
fas|N
.|N
harvard|N
.|N
edu|N
|N
.|N
|N
 |N
During|N
the|N
semester|N
,|N
|N
linear|N
,|N
|N
quadratic|N
,|N
|N
exponential|N
,|N
|N
logarithmic|N
,|N
|N
trigonometric|N
,|N
|N
polynomial|N
and|N
rational|N
functions|N
will|N
be|N
discussed|N
.|N
|N
Lectures|N
will|N
be|N
videotaped|N
and|N
posted|N
on|N
our|N
website|N
within|N
24|N
hours|N
.|N
|N
Solution|N
to|N
homework|N
,|N
|N
solution|N
to|N
questions|N
from|N
recommended|N
textbook|N
and|N
sample|N
tests|N
will|N
also|N
be|N
posted|N
on|N
our|N
website|N
.|N
|N
You|N
will|N
be|N
able|N
to|N
access|N
them|N
by|N
using|N
your|N
Harvard|N
PIN|N
.|N
|N
Make|N
sure|N
that|N
you|N
hav

Texts|N
|N
*|N
|N
*|N
|N
*|N
Available|N
for|N
purchase|N
at|N
Harvard|N
COOP|N
and|N
on|N
reserve|N
at|N
Grossman|N
Library|N
*|N
|N
*|N
|N
*|N
|N
Wayne|N
Booth|N
et|N
al|N
,|N
|N
The|N
Craft|N
of|N
Research|N
,|N
|N
third|N
edition|N
,|N
|N
University|N
of|N
Chicago|N
Press|N
,|N
|N
2008|N
.|N
|N
Samantha|N
Power|N
,|N
|N
A|N
Problem|N
from|N
Hell|N
:|N
|N
America|N
and|N
the|N
Age|N
of|N
Genocide|N
Jonathan|N
Tucker|N
,|N
|N
War|N
of|N
Nerves|N
:|N
|N
Chemical|N
Warfare|N
from|N
World|N
War|N
I|N
to|N
Al|N
-|N
Qaeda|N
Asher|N
Orkaby|N
,|N
|N
Beyond|N
the|N
Arab|N
Cold|N
War|N
,|N
|N
Oxford|N
University|N
Press|N
,|N
|N
2017|N
.|N
|N
Guide|N
to|N
the|N
ALM|N
Thesis|N
|N
(|N
http|N
:|N
|N
/|N
|N
/|N
thesis|N
.|N
extension|N
.|N
harvard|N
.|N
edu|N
/|N
|N
)|N
|N
|N
*|N
|N
*|N
Supplemental|N
texts|N
will|N
be|N
available|N
on|N
the|N
course|N
website|N
 |N
University|N
Notes|N
:|N
|N
The|N
Extension|N
School|N
is|N
committed|N
to|N
providing|N
an|N
accessible|N
academic|N
community|N
.|N
|N
The|N
Accessibility|N
Office|N
offers|N
a|N
variety|N
of|N
accommodations|N
and|N
services|N
to|N
students|N
with|N
documented|N
dis

texts|N
,|N
|N
and|N
in|N
planning|N
,|N
|N
conducting|N
,|N
|N
and|N
communicating|N
original|N
research|N
.|N
|N
Readings|N
This|N
course|N
has|N
one|N
required|N
text|N
that|N
you|N
should|N
purchase|N
from|N
the|N
Coop|N
or|N
online|N
is|N
Wayne|N
C|N
.|N
|N
Booth|N
,|N
|N
Gregory|N
G|N
.|N
|N
Colomb|N
,|N
|N
and|N
Joseph|N
M|N
.|N
|N
Williams|N
,|N
|N
The|N
Craft|N
of|N
Research|N
|N
(|N
University|N
of|N
Chicago|N
Press|N
,|N
|N
2008|N
)|N
|N
.|N
|N
All|N
assigned|N
readings|N
will|N
be|N
available|N
on|N
the|N
course|N
website|N
in|N
PDF|N
format|N
.|N
|N
The|N
complete|N
Guide|N
to|N
the|N
ALM|N
Thesis|N
|N
(|N
Seventh|N
Edition|N
)|N
|N
may|N
also|N
be|N
accessed|N
here|N
:|N
|N
https|N
:|N
|N
/|N
|N
/|N
thesis|N
.|N
extension|N
.|N
harvard|N
.|N
edu|N
/|N
social|N
-|N
sciences|N
To|N
use|N
the|N
Harvard|N
Libraries|N
,|N
|N
you|N
should|N
also|N
purchase|N
a|N
Special|N
Borrower’s|N
Card|N
at|N
Widener|N
|N
(|N
|N
$|N
100|N
)|N
|N
to|N
conduct|N
research|N
.|N
|N
Course|N
Requirements|N
The|N
core|N
goal|N
of|N
this|N
seminar|N
is|N
to|N
prepare|N
you|N
to|N
research|N
and|N
write|N
the|N
ALM|N
thesis|N
th

Textbooks|N
Available|N
at|N
the|N
Harvard|N
COOP|N
Brody|N
,|N
|N
T|N
.|N
|N
|N
(|N
2016|N
)|N
|N
Clinical|N
trials|N
:|N
|N
Study|N
design|N
,|N
|N
endpoints|N
and|N
biomarkers|N
,|N
|N
drugs|N
safety|N
,|N
|N
and|N
FDA|N
and|N
ICH|N
guidelines|N
|N
(|N
2nd|N
ed|N
.|N
|N
)|N
|N
.|N
|N
Academic|N
Press|N
:|N
|N
Springer|N
Science|N
|N
+|N
|N
Business|N
Media|N
.|N
|N
ISBN|N
:|N
|N
978|N
-|N
0|N
-|N
12|N
-|N
804217|N
-|N
5|N
 |N
Chin|N
,|N
|N
R|N
.|N
|N
,|N
|N
|N
&|N
|N
Bairu|N
,|N
|N
M|N
.|N
|N
|N
(|N
Eds|N
.|N
|N
)|N
|N
|N
(|N
2011|N
)|N
|N
.|N
|N
Global|N
clinical|N
trials|N
:|N
|N
Effective|N
implementation|N
and|N
management|N
.|N
|N
London|N
,|N
|N
United|N
Kingdom|N
,|N
|N
Academic|N
Press|N
.|N
|N
ISBN|N
:|N
|N
978|N
-|N
0|N
-|N
12|N
-|N
381537|N
-|N
8|N
 |N
Requirements|N
for|N
Graduate|N
Credit|N
Graduate|N
students|N
will|N
be|N
required|N
to|N
take|N
the|N
midterm|N
and|N
final|N
exams|N
,|N
|N
provide|N
a|N
poster|N
presentation|N
,|N
|N
and|N
complete|N
the|N
homework|N
assignments|N
.|N
|N
Non|N
-|N
credit|N
students|N
will|N
not|N
take|N
the|N
midterm|N
or|N
final|N
exams|N
;|N
|N
and|N
are|N
not|N
required|N
to complete|N
the|N
homework|N
assignments|N
or provide|N
a|N
poster|N
pre

text|N
is|N
Calculus|N
,|N
|N
Sixth|N
Edition|N
,|N
|N
by|N
Deborah|N
Hughes|N
Hallett|N
,|N
|N
Andrew|N
Gleason|N
,|N
|N
et|N
al|N
.|N
|N
It|N
is|N
available|N
at|N
the|N
Harvard|N
Coop|N
.|N
|N
|N
(|N
ISBN 978|N
-|N
1118231142|N
or|N
978|N
-|N
0470888643|N
)|N
|N
|N
You|N
will|N
need|N
a|N
graphing|N
calculator|N
with|N
the|N
ability|N
to|N
approximate|N
Riemann|N
sums|N
|N
(|N
i|N
.|N
e|N
.|N
|N
definite|N
integrals|N
)|N
|N
.|N
|N
The|N
instructor|N
has|N
some|N
familiarity|N
with|N
the|N
Texas|N
Instruments|N
models|N
so|N
you|N
may|N
prefer|N
to|N
choose|N
one|N
of|N
those|N
.|N
|N
|N
(|N
TI|N
-|N
82|N
or|N
TI|N
-|N
85|N
or|N
TI|N
-|N
89|N
or|N
|N
.|N
|N
|N
.|N
|N
|N
.|N
|N
)|N
|N
|N
Homework|N
|N
Homework|N
is|N
essential|N
!|N
|N
It|N
will|N
be|N
assigned|N
each|N
class|N
and|N
will|N
be|N
due|N
the|N
following|N
class|N
.|N
|N
Assignments|N
and|N
Solutions|N
can|N
be|N
obtained|N
at|N
https|N
:|N
|N
/|N
|N
/|N
canvas|N
.|N
harvard|N
.|N
edu|N
/|N
courses|N
/|N
33069|N
Other|N
course|N
materials|N
will|N
be|N
available|N
at|N
this|N
address|N
,|N
|N
as|N
well|N
.|N
|N
You|N
will|N
need|N
to|N
login|N
with|N
your|N
Harvard|N
ID|N
and|N
PIN|N
,|N
|N
oth

textbook|N
|N
To|N
buy|N
|N
To|N
download |N
(|N
pdf|N
)|N
|N
|N
Disability|N
Services|N
|N
&|N
|N
Accessibility|N
|N
|N
A|N
message|N
from|N
the|N
Dean|N
for|N
Academic|N
Programs|N
:|N
 The|N
Extension|N
School|N
is|N
committed|N
to|N
providing|N
an|N
accessible|N
academic|N
community|N
.|N
|N
The|N
Disability|N
Services|N
Office|N
offers|N
a|N
variety|N
of|N
accommodations|N
and|N
services|N
to|N
students|N
with|N
documented|N
disabilities|N
.|N
|N
Please|N
visit this|N
link for|N
more|N
information|N
.|N
|N
|N
|N
Academic|N
Integrity|N
|N
|N
A|N
message|N
from|N
the|N
Dean|N
for|N
Academic|N
Programs|N
:|N
 You|N
are|N
responsible|N
for|N
understanding|N
Harvard|N
Extension|N
School policies|N
on|N
academic|N
integrity and|N
how|N
to|N
use|N
sources|N
responsibly|N
.|N
|N
Not|N
knowing|N
the|N
rules|N
,|N
|N
misunderstanding|N
the|N
rules|N
,|N
|N
running|N
out|N
of|N
time|N
,|N
|N
submitting|N
|N
"|N
the|N
wrong|N
draft|N
"|N
|N
,|N
|N
or|N
being|N
overwhelmed|N
with|N
multiple|N
demands|N
are|N
not|N
accept

Texts|N
:|N
|N
|N
Buck|N
,|N
|N
Rebecca|N
A|N
.|N
|N
and|N
Jean|N
Allman|N
Gilmore|N
,|N
|N
Collection|N
Conundrums|N
:|N
|N
Solving|N
Collections|N
Management|N
.|N
|N
Washington|N
:|N
|N
American|N
Association|N
of|N
Museums|N
,|N
|N
2007|N
.|N
|N
 |N
Buck|N
,|N
|N
Rebecca|N
A|N
.|N
|N
and|N
Jean|N
Allman|N
Gilmore|N
,|N
|N
Museum|N
Registration|N
Methods|N
5th|N
Edition|N
.|N
|N
Washington|N
:|N
|N
American|N
Association|N
of|N
Museums|N
,|N
|N
2010|N
.|N
 |N
|N
(|N
Previous|N
editions|N
are|N
fine|N
to|N
use|N
.|N
|N
)|N
|N
 |N
Gardner|N
,|N
|N
James|N
B|N
.|N
|N
|N
(|N
Author|N
,|N
|N
Editor|N
)|N
|N
and|N
Elizabeth|N
Merritt|N
|N
(|N
editor|N
)|N
|N
,|N
|N
The|N
AAM|N
Guide|N
to|N
Collections|N
Planning|N
.|N
|N
Washington|N
:|N
|N
American|N
Association|N
of|N
Museums|N
,|N
|N
2004|N
.|N
 |N
|N
(|N
Essential|N
text|N
for|N
final|N
assignment|N
)|N
|N
 |N
Course|N
Schedule|N
:|N
|N
|N
|N
|N
|N
Week  |N
Date               |N
First|N
Hour                                           |N
Second|N
Hour|N
1         |N
8|N
/|N
29|N
/|N
16          |N
Intro|N
/|N
Course|N
Overview                      |N
Integrat

Texts|N
|N
(|N
available|N
from|N
the|N
Harvard|N
Coop|N
bookstore|N
)|N
|N
Required|N
|N
Donald|N
J|N
.|N
|N
Mastronarde|N
.|N
|N
2013|N
.|N
|N
Introduction|N
to|N
Attic|N
Greek|N
.|N
|N
2nd|N
edition|N
.|N
|N
U|N
.|N
|N
California|N
P|N
.|N
|N
|N
|N
Recommended|N
|N
Liddell|N
,|N
|N
H|N
.|N
G|N
.|N
|N
and|N
R|N
.|N
|N
Scott|N
.|N
|N
2002|N
.|N
|N
An|N
Intermediate|N
Greek|N
-|N
English|N
Lexicon|N
.|N
|N
7th|N
ed|N
.|N
|N
Oxford|N
Univ|N
.|N
|N
Press|N
.|N
|N
|N
[|N
An|N
excellent|N
introductory|N
dictionary|N
for|N
reading|N
Greek|N
texts|N
.|N
|N
]|N
|N
Morwood|N
,|N
|N
James|N
.|N
|N
2003|N
.|N
|N
Oxford|N
Grammar|N
of|N
Classical|N
Greek|N
.|N
|N
Oxford|N
Univ|N
.|N
|N
Press|N
.|N
|N
|N
[|N
A|N
clear|N
,|N
|N
accessible|N
grammar|N
for|N
students|N
.|N
|N
]|N
|N
|N
 |N
Course|N
description|N
and|N
learning|N
outcomes|N
This|N
course|N
is|N
designed|N
for|N
students|N
with|N
little|N
or|N
no|N
previous|N
ancient|N
Greek|N
who|N
are|N
seriously|N
interested|N
in|N
learning|N
the|N
language|N
.|N
|N
The|N
course|N
focuses|N
in|N
particular|N
on|N
the|N
Greek|N
of|N
Classical|N
Athens|N
|N
(|N
500–350|N
BC|N
)|N
|N
and|N
introduces|N
basic

text|N
editors|N
.|N
|N
Catalog|N
Description|N
This|N
course|N
provides|N
the|N
concepts|N
and|N
skills|N
necessary|N
to|N
design|N
and|N
develop|N
a|N
relational|N
database|N
.|N
|N
After|N
learning|N
database|N
design|N
concepts|N
through|N
practical|N
applications|N
,|N
|N
students|N
build|N
a|N
working|N
database|N
using|N
Oracle|N
and|N
to|N
serve|N
the|N
information|N
needs|N
of|N
an|N
enterprise|N
.|N
|N
Through|N
hands|N
-|N
on|N
projects|N
,|N
|N
students|N
will|N
design|N
,|N
|N
build|N
,|N
|N
populate|N
,|N
|N
query|N
,|N
|N
and|N
write|N
transactions|N
and|N
stored|N
procedures|N
for|N
a|N
relational|N
database|N
using|N
SQL|N
and|N
PL|N
/|N
SQL|N
.|N
|N
 As|N
a|N
final|N
project|N
,|N
|N
students|N
will|N
build|N
a|N
prototype|N
database|N
.|N
|N
Prerequisites|N
:|N
|N
 programming|N
experience|N
and|N
familiarity|N
with|N
Unix|N
/|N
Linux|N
.|N
|N
Learning|N
Outcomes|N
Upon|N
completion|N
of|N
this|N
course|N
,|N
|N
students|N
will|N
be|N
able|N
to|N
:|N
|N
|N
Demonstrate|N
ability|N
to|N
design|N
a|N
database

Texts|N
:|N
|N
Patnaik|N
,|N
|N
D|N
.|N
|N
|N
(|N
2014|N
)|N
|N
.|N
|N
Needfinding|N
:|N
|N
Design|N
research|N
and|N
planning|N
.|N
|N
Middletown|N
,|N
|N
DL|N
:|N
|N
Dev|N
Patnaik|N
and|N
CREATESPAC|N
.|N
|N
 |N
Perez|N
-|N
Breva|N
,|N
|N
L|N
.|N
|N
|N
(|N
2016|N
)|N
|N
.|N
|N
Innovating|N
:|N
|N
A|N
Doer’s|N
Manifesto|N
for|N
starting|N
from|N
a|N
hunch|N
,|N
|N
prototyping|N
|N
problems|N
,|N
|N
scaling|N
up|N
,|N
|N
and|N
learning|N
to|N
be|N
productively|N
wrong|N
.|N
|N
Cambridge|N
,|N
|N
MA|N
:|N
|N
MIT|N
Press|N
.|N
|N
 |N
8|N
.|N
5|N
X|N
11|N
hardback|N
sketchbook|N
.|N
|N
Please|N
purchase|N
by|N
September|N
21|N
,|N
|N
2017|N
|N
(|N
more|N
information|N
provided|N
during|N
the|N
first|N
class|N
session|N
)|N
|N
.|N
|N
 |N
Additional|N
readings|N
to|N
be|N
provided|N
via|N
Canvas|N
,|N
|N
the|N
course|N
Learning|N
Management|N
System|N
.|N
|N
 |N
Student|N
Learning|N
Objectives|N
:|N
|N
|N
|N
Be|N
aware|N
of|N
and|N
able|N
to|N
recognize|N
and|N
articulate|N
your|N
own|N
assumptions|N
.|N
|N
Be|N
aware|N
of|N
and|N
able|N
to|N
recognize|N
your|N
own|N
and|N
others’|N
blind|N
spots|N
through|N
seeking|N
and|N
providing|N
feedback

Books|N
and|N
References|N
There|N
is|N
no|N
single|N
textbook|N
that|N
we|N
recommend|N
for|N
the|N
entire|N
class|N
.|N
|N
Specific|N
examples|N
of|N
primary|N
literature|N
that|N
serve|N
as|N
the|N
foundation|N
for|N
material|N
discussed|N
in|N
class|N
,|N
|N
and|N
/|N
or|N
provide|N
contemporary|N
examples|N
of|N
research|N
and|N
advances|N
in|N
these|N
areas|N
,|N
|N
will|N
be|N
provided|N
in|N
each|N
lecture|N
.|N
|N
For|N
students|N
who|N
would|N
like|N
to|N
go|N
more|N
in|N
depth|N
than|N
will|N
be|N
covered|N
during|N
lectures|N
,|N
|N
the|N
following|N
books|N
may|N
be|N
useful|N
:|N
|N
 |N
Classical|N
,|N
|N
Cellular|N
and|N
Molecular|N
Genetics|N
|N
Griffiths|N
,|N
|N
A|N
.|N
J|N
.|N
F|N
.|N
|N
,|N
|N
Wessler|N
,|N
|N
S|N
.|N
R|N
.|N
|N
,|N
|N
Carroll|N
,|N
|N
S|N
.|N
B|N
.|N
|N
,|N
|N
Doebley|N
,|N
|N
J|N
.|N
|N
2015|N
An|N
introduction|N
to|N
genetic|N
analysis|N
.|N
|N
Freeman|N
http|N
:|N
|N
/|N
|N
/|N
www|N
.|N
whfreeman|N
.|N
com|N
/|N
iga|N
/|N
|N
|N
Murray|N
,|N
|N
A|N
.|N
|N
and|N
Hunt|N
,|N
|N
T|N
.|N
|N
1993|N
.|N
|N
The|N
Cell|N
Cycle|N
:|N
|N
An|N
Introduction|N
.|N
|N
Oxford|N
University|N
Press|N
.|N
|N
King|N
,|N
|N
R|N
.|N
C|N
.|N
|N
,|N
|N
Mulligan|N
,|N
|N
P|N
.|N
K

texts|N
.|N
|N
In|N
this|N
course|N
,|N
|N
you’ll|N
learn|N
how|N
to|N
develop|N
your|N
ideas|N
and|N
how|N
to|N
convince|N
readers|N
that|N
your|N
ideas|N
matter|N
.|N
|N
To|N
this|N
end|N
,|N
|N
we’ll|N
emphasize|N
writing|N
as|N
an|N
act|N
of|N
self|N
-|N
discovery|N
,|N
|N
as|N
an|N
act|N
of|N
critical|N
thinking|N
,|N
|N
and|N
as|N
an|N
act|N
of|N
communicating|N
with|N
an|N
audience|N
.|N
|N
Good|N
essays|N
don’t|N
appear|N
spontaneously|N
.|N
|N
They|N
emerge|N
,|N
|N
usually|N
,|N
|N
from|N
many|N
time|N
-|N
consuming|N
drafts|N
:|N
|N
 with|N
each|N
draft|N
,|N
|N
the|N
writer|N
moves|N
closer|N
to|N
what|N
she|N
or|N
he|N
wants|N
to|N
say|N
.|N
|N
The|N
willingness|N
to|N
revise|N
may|N
be|N
the|N
greatest|N
difference|N
between|N
a|N
confident|N
writer|N
and|N
an|N
insecure|N
one|N
.|N
|N
In|N
fact|N
,|N
|N
confident|N
writers|N
realize|N
that|N
the|N
first|N
draft|N
or|N
two|N
is|N
always|N
more|N
like|N
a|N
conversation|N
they|N
have|N
with|N
themselves|N
than|N
it|N
is|N
a|N
communication|N
with|N
readers|N
.|N
|N
After|N
reflecting|N
on|N
their

text|N
.|N
|N
I|N
don’t|N
receive|N
texts|N
.|N
|N
Don’t|N
text|N
me|N
.|N
|N
Office|N
Hours|N
:|N
 |N
by|N
appt|N
.|N
                        |N
    |N
                                                          Phone|N
:|N
|N
617|N
-|N
596|N
-|N
2217|N
 |N
Required|N
Text|N
:|N
  |N
Rules|N
for|N
Writers|N
,|N
|N
7th|N
edition|N
by|N
Hacker|N
and|N
Sommers|N
.|N
 |N
|N
(|N
Boston|N
:|N
|N
Bedford|N
/|N
St|N
.|N
|N
Martins|N
,|N
|N
2012|N
)|N
|N
.|N
 Rules|N
for|N
Writers|N
has|N
been|N
through|N
a|N
number|N
of|N
editions|N
,|N
|N
so|N
be|N
sure|N
you|N
get|N
the|N
right|N
edition|N
|N
(|N
the|N
7th|N
,|N
|N
with|N
blue|N
cover|N
)|N
|N
.|N
|N
 This|N
book|N
is|N
widely|N
available|N
and|N
is|N
a|N
common|N
choice|N
as|N
supplement|N
or|N
reference|N
book|N
for|N
other|N
writing|N
classes|N
at|N
the|N
Extension|N
School|N
and|N
elsewhere|N
,|N
|N
so|N
it|N
is|N
a|N
good|N
investment|N
.|N
 |N
Each|N
chapter|N
is|N
followed|N
by|N
practice|N
exercises|N
,|N
|N
with|N
answer|N
keys|N
in|N
the|N
back|N
pages|N
.|N
|N
One|N
goal|N
of|N
this|N
course|N
is|N
to|N
enable|N
writers|N
to|N
feel

textbook|N
with|N
the|N
title|N
:|N
|N
Treffpunkt|N
Deutsch|N
:|N
|N
Grundstufe|N
6th|N
Edition|N
by|N
Margaret|N
T|N
.|N
|N
Gonglewski|N
,|N
|N
The|N
George|N
Washington|N
University|N
Beverly|N
Moser|N
,|N
|N
Appalachian|N
State|N
University|N
Cornelius|N
Partsch|N
,|N
|N
Western|N
Washington|N
University|N
 |N
This|N
e|N
-|N
|N
textbook|N
will|N
be|N
supplemented|N
by|N
additional|N
exercises|N
–|N
all|N
of|N
this|N
is|N
on|N
the|N
website|N
.|N
|N
 How|N
can|N
I|N
get|N
this|N
e|N
-|N
Textbook|N
?|N
|N
|N
Go|N
to|N
the|N
website|N
of|N
the|N
publisher|N
Pearson|N
.|N
|N
Go|N
to|N
the|N
website|N
MyGermanlab|N
and|N
buy|N
the|N
access|N
for|N
|N
$|N
139|N
.|N
95|N
This|N
will|N
give|N
you|N
access|N
to|N
the|N
E|N
-|N
|N
Textbook|N
for|N
24|N
months|N
and|N
10|N
chapters|N
.|N
|N
Also|N
,|N
|N
you|N
will|N
be|N
able|N
to|N
do|N
all|N
homework|N
on|N
this|N
website|N
.|N
|N
The|N
course|N
starts|N
in|N
August|N
2017|N
and|N
ends|N
in|N
May|N
2018–|N
so|N
you|N
have|N
access|N
to|N
this|N
course|N
even|N
after|N
it|N
ends|N
.|N
|N
If|N
you|N
like|N
to|N
have|N
a|N
hard|N
c

text|N
,|N
|N
Leadership|N
Theory|N
and|N
Practice|N
by|N
Peter|N
Northhouse|N
.|N
|N
Text|N
materials|N
are|N
supplemented|N
with|N
readings|N
from|N
articles|N
,|N
|N
books|N
,|N
|N
and|N
white|N
papers|N
from|N
the|N
arenas|N
of|N
business|N
,|N
|N
government|N
and|N
military|N
sources|N
as|N
well|N
as|N
watching|N
film|N
or|N
You|N
Tube|N
documentaries|N
in|N
conjunction|N
with|N
instructor|N
lectures|N
or|N
guest|N
speakers|N
.|N
 |N
Ideas|N
from|N
Plato’s|N
thinking|N
on|N
leadership|N
to|N
current|N
topics|N
and|N
future|N
trends|N
have|N
been|N
carefully|N
selected|N
as|N
enhancements|N
to|N
the|N
theory|N
.|N
|N
Several|N
well|N
-|N
known|N
personalities|N
including|N
Queen|N
Elizabeth|N
I|N
,|N
|N
Ernest|N
Shackleton|N
,|N
|N
Sun|N
Tzu|N
,|N
|N
Thomas|N
Carlyle|N
,|N
|N
Senator|N
Thomas|N
McCarthy|N
,|N
|N
Steve|N
Jobs|N
,|N
|N
|N
W|N
.|N
|N
deKlerk|N
and|N
Saddam|N
Hussein|N
have|N
been|N
incorporated|N
into|N
the|N
course|N
of|N
study|N
.|N
|N
|N
 REQUIRED|N
MATERIALS|N
 |N
|N
Peter|N
G|N
.|N
|N
Northhouse|N
:|N
|N
Lea

TEXTS|N
Andrew|N
Bacevich|N
,|N
 The|N
Limits|N
to|N
Power|N
,|N
|N
2008|N
.|N
|N
Sean|N
Kay|N
,|N
 America’s|N
Search|N
for|N
Security|N
,|N
|N
2014|N
.|N
|N
|N
*|N
|N
*|N
|N
*|N
|N
*|N
|N
*|N
Grad|N
students|N
only|N
:|N
|N
Richard|N
Haass|N
,|N
 The|N
World|N
in|N
Disarray|N
,|N
|N
Penguin|N
Press|N
,|N
|N
2017|N
.|N
|N
 |N
There|N
are|N
also|N
readings|N
from|N
academic|N
journals|N
,|N
|N
think|N
tanks|N
,|N
|N
and|N
government|N
reports|N
.|N
 Many|N
links|N
for|N
assigned|N
articles|N
are|N
posted|N
on|N
the|N
course|N
website|N
.|N
|N
All|N
material|N
is|N
also|N
accessible|N
through|N
the|N
Harvard|N
library|N
system|N
or|N
other|N
online|N
sources|N
.|N
 |N
|N
*|N
|N
*|N
|N
*|N
If|N
you|N
are|N
unable|N
to|N
open|N
a|N
link|N
or|N
access|N
the|N
readings|N
on|N
at|N
the|N
course|N
website|N
,|N
|N
remember|N
,|N
|N
you|N
have|N
access|N
to|N
one|N
to|N
one|N
of|N
the|N
finest|N
library|N
systems|N
in|N
the|N
world|N
at|N
Harvard|N
.|N
|N
I|N
encourage|N
you|N
to|N
use|N
those|N
facilities|N
.|N
|N
 |N
GRADES|N
AND|N
COURSE|N
REQUIREMENTS|N
IMPORTANT|N
:|N
|N
PLEASE|N
READ|N
As|N
a|N
writing|N
intensi

books|N
,|N
|N
which|N
are|N
available|N
for|N
purchase|N
at|N
the|N
Coop|N
:|N
|N
|N
Jeffry|N
Frieden|N
,|N
|N
David|N
Lake|N
,|N
|N
and|N
Lawrence|N
Broz|N
,|N
|N
Editors|N
,|N
|N
International|N
Political|N
Economy|N
:|N
|N
Perspectives|N
on|N
Global|N
Power|N
and|N
Wealth|N
,|N
|N
Sixth|N
Edition|N
|N
(|N
New|N
York|N
:|N
|N
W|N
.|N
|N
W|N
.|N
|N
Norton|N
,|N
|N
2017|N
)|N
|N
.|N
|N
Thomas|N
Oatley|N
,|N
|N
International|N
Political|N
Economy|N
:|N
|N
Interests|N
and|N
Institutions|N
in|N
the|N
Global|N
Economy|N
,|N
|N
Fifth|N
Edition|N
|N
(|N
New|N
York|N
:|N
|N
Pearson|N
Longman|N
,|N
|N
2012|N
)|N
|N
.|N
|N
|N
The|N
required|N
texts|N
are|N
also|N
on|N
reserve|N
at|N
Lamont|N
Library|N
.|N
|N
Readings|N
not|N
in|N
the|N
two|N
books|N
will|N
be|N
available|N
on|N
the|N
course|N
website|N
.|N
|N
The|N
following|N
book|N
may|N
be|N
useful|N
,|N
|N
and|N
is|N
available|N
at|N
the|N
Coop|N
:|N
|N
|N
John|N
Black|N
,|N
|N
Nigar|N
Hashimzade|N
,|N
|N
and|N
Gareth|N
Myles|N
,|N
|N
Oxford|N
Dictionary|N
of|N
Economics|N
Fifth|N
edition|N
|N
(|N
Oxford|N
:|N
|N
Oxford|N
University|N
Press|N
,|N
|N
2017|N
)|N
|N
.|N
|N
|N
Please|N
note|N
:|N
|N
Given

TEXTBOOK|N
OUT|N
OF|N
PRINT|N
|N
|N
|N
Sixth|N
Edition|N
Out|N
Of|N
Print|N
|N
PLEASE|N
NOTE|N
THAT|N
THE|N
TEXTBOOK|N
IS|N
OPTIONAL|N
The|N
content|N
in|N
this|N
course|N
is|N
based|N
on|N
the|N
6th|N
edition|N
of|N
Corporate|N
Information|N
Strategy|N
and|N
Management|N
:|N
|N
Text|N
and|N
Cases|N
,|N
|N
McGraw|N
-|N
Hill|N
,|N
|N
2003|N
.|N
|N
The|N
6th|N
edition|N
is|N
out|N
of|N
print|N
,|N
|N
but|N
still|N
commonly|N
available|N
on|N
the|N
internet|N
.|N
|N
The|N
most|N
recent|N
edition|N
of|N
this|N
text|N
is|N
the|N
8th|N
edition|N
.|N
|N
It|N
includes|N
many|N
of|N
the|N
concepts|N
discussed|N
in|N
this|N
course|N
,|N
|N
but|N
from|N
a|N
slightly|N
different|N
perspective|N
.|N
|N
The|N
cases|N
in|N
the|N
8th|N
edition|N
are|N
NOT|N
used|N
in|N
this|N
course|N
.|N
|N
The|N
cases|N
we|N
will|N
use|N
are|N
from|N
the|N
required|N
coursepack|N
.|N
|N
Here|N
is|N
the|N
citation|N
:|N
|N
Austin|N
,|N
|N
Robert|N
D|N
.|N
|N
,|N
|N
Lynda|N
M|N
.|N
|N
Applegate|N
,|N
|N
and|N
Deborah|N
Soule|N
.|N
|N
Corporate|N
Information|N
Strategy|N
and|N
Management|N
:|N
|N
Text|N
and|N
Cases

Text|N
Book|N
:|N
|N
The|N
required|N
course|N
textbook|N
is|N
available|N
at|N
the|N
Harvard|N
COOP|N
and|N
online|N
through|N
Amazon|N
and|N
other|N
textbook|N
sellers|N
.|N
|N
You|N
can|N
chose|N
to|N
rent|N
or|N
buy|N
the|N
text|N
|N
(|N
new|N
or|N
used|N
)|N
|N
and|N
it|N
is|N
available|N
in|N
an|N
electronic|N
,|N
|N
as|N
well|N
as|N
print|N
,|N
|N
format|N
:|N
|N
Dessler|N
,|N
|N
G|N
.|N
|N
Fundamentals|N
of|N
Human|N
Resource|N
Management|N
|N
(|N
4th|N
Edition|N
,|N
|N
Pearson|N
)|N
|N
ISBN|N
:|N
|N
 |N
9780133791532|N
http|N
:|N
|N
/|N
|N
/|N
harvardcoopbooks|N
.|N
bncollege|N
.|N
com|N
/|N
|N
2|N
|N
-|N
|N
Course|N
readings|N
packet|N
:|N
|N
This|N
coursepack|N
contains|N
all|N
seven|N
|N
(|N
7|N
)|N
|N
of|N
the|N
case|N
studies|N
,|N
|N
which|N
you|N
are|N
required|N
to|N
read|N
and|N
analyze|N
.|N
|N
It|N
also|N
contains|N
each|N
of|N
the|N
additional|N
required|N
readings|N
noted|N
in|N
the|N
schedule|N
and|N
syllabus|N
.|N
|N
Coursepack|N
link|N
:|N
|N
http|N
:|N
|N
/|N
|N
/|N
cb|N
.|N
hbsp|N
.|N
harvard|N
.|N
edu|N
/|N
cbmp|N
/|N
access|N
/|N
65716074|N
|N
(|N
You|N
will|N
be|N
required|N
to|N
register|N
to|N
be|N
able|N
to|N
view

Textbooks|N
|N
&|N
|N
Required|N
Reading|N
:|N
|N
Global|N
Marketing|N
9th Edition |N
Authors|N
:|N
 |N
Keegan|N
and|N
Green|N
Publishers|N
:|N
|N
Pearson|N
|N
*|N
|N
Please|N
see|N
Announcement|N
for|N
specific|N
purchase|N
instructions|N
titled|N
|N
"|N
Text|N
Book|N
Purchase|N
"|N
|N
.|N
 |N
 |N
Course|N
Objectives|N
:|N
|N
Upon|N
satisfactory|N
completion|N
of|N
this|N
course|N
competency|N
,|N
|N
a|N
student|N
should|N
have|N
the|N
ability|N
to|N
analyze|N
,|N
|N
discuss|N
,|N
|N
describe|N
,|N
|N
and|N
demonstrate|N
the|N
marketing|N
processes|N
and|N
strategies|N
that|N
firms|N
utilize|N
when|N
marketing|N
their|N
products|N
ion|N
foreign|N
countries|N
.|N
 |N
This|N
includes|N
American|N
companies|N
marketing|N
elsewhere|N
as|N
well|N
as|N
foreign|N
firms|N
marketing|N
their|N
products|N
here|N
in|N
the|N
USA|N
.|N
|N
 |N
The|N
course|N
will|N
be|N
conducted|N
through|N
lectures|N
,|N
|N
discussion|N
,|N
|N
and|N
case|N
analysis|N
.|N
 |N
|N
|N
|N
|N
Session|N
|N
|N
Date|N
|N
|N
Topics|N
,|N
|N
Readings|N
,|N
|N
|N
&|N
|N
Assignments|N
|N
|N
|N
|N
1

Text|N
and|N
Readings|N
A|N
complete|N
course|N
packet|N
will|N
be|N
available|N
on|N
Harvard|N
Business|N
Publishing|N
online|N
.|N
|N
 The|N
link|N
will|N
be|N
posted|N
on|N
the|N
course|N
site|N
.|N
|N
In|N
addition|N
,|N
|N
students|N
will|N
be|N
expected|N
to|N
be|N
up|N
to|N
speed|N
on|N
current|N
news|N
|N
&|N
|N
events|N
in|N
media|N
|N
&|N
|N
social|N
media|N
.|N
 |N
I|N
reserve|N
the|N
right|N
to|N
add|N
current|N
news|N
articles|N
into|N
weekly|N
assignments|N
.|N
|N
 |N
Course|N
Work|N
 This|N
course|N
relies|N
on|N
reading|N
,|N
|N
class|N
discussion|N
and|N
synthesis|N
from|N
your|N
own|N
marketing|N
experience|N
and|N
exposure|N
to|N
advertising|N
,|N
|N
public|N
relations|N
,|N
|N
branding|N
and|N
social|N
media|N
.|N
|N
Students|N
are|N
expected|N
to|N
read|N
all|N
assigned|N
materials|N
and|N
be|N
prepared|N
to|N
discuss|N
them|N
in|N
class|N
.|N
|N
READ|N
THE|N
MATERIALS|N
BEFORE|N
class|N
each|N
week|N
.|N
|N
 Assignments|N
will|N
be|N
graded|N
for|N
both|N
content|N
and|N
quality|N
of|N
writing|N
.|N
|N
|N
Ple

textbook|N
is|N
¿Cómo|N
se|N
dice|N
?|N
|N
10th|N
edition|N
.|N
|N
 |N
|N
|N
|N
|N
 Course|N
Information|N
|N
|N
|N
|N
|N
  |N
|N
|N
|N
|N
|N
|N
|N
|N
Student|N
Support|N
Tips|N
|N
|N
|N
|N
Instructor|N
Support|N
Tips|N
|N
|N
|N
|N
|N
 |N
|N
|N
The|N
syllabus|N
page|N
shows|N
a|N
table|N
-|N
oriented|N
view|N
of|N
the|N
course|N
schedule|N
,|N
|N
and|N
the|N
basics|N
of|N
course|N
grading|N
.|N
|N
|N
You|N
can|N
add|N
any|N
other|N
comments|N
,|N
|N
notes|N
,|N
|N
or|N
thoughts|N
you|N
have|N
about|N
the|N
course|N
structure|N
,|N
|N
course|N
policies|N
or|N
anything|N
else|N
.|N
|N
To|N
add|N
some|N
comments|N
,|N
|N
click|N
the|N
|N
"|N
Edit|N
"|N
|N
link|N
at|N
the|N
top|N
.|N
|N
|N
|N
|N
HTML|N
Editor|N
Rich|N
Content|N
Editor|N
|N
Syllabus|N
Description|N
:|N
|N
|N
|N
|N
|N
Cancel|N
Update|N
Syllabus|N
|N
|N
Course|N
Summary|N
:|N
|N
|N
|N
 |N
|N
|N
|N
|N
Date|N
Details|N
|N
|N
|N
|N
|N
|N
|N
|N
|N
|N
|N
|N
|N
|N
|N
|N
|N
|N
Prev|N
month|N
Next|N
month|N
|N
September|N
2017|N
|N
|N
|N
9|N
|N
|N
Calendar|N
|N
|N
|N
|N
|N
|N
|N
|N
|N
|N
|N
|N
|N
|N
|N
|N
|N
|N
Sunday|N
|N
|N
|N
|N
|N
|N
|N
|N
|N
|N
|N
|N
|N
|N
|N
|N
|N
|N
|N
|N
|N
|N
|N
|N
|N
|N
|N
|N
|N
|N
Monday|N
|N
|N
|N
|N
|N
|N
|N
|N
|N
|N
|N
|N
|N
|N
|N
|N
|N
|N
|N
|N
|N
|N
|N
|N
|N
|N
|N
|N
|N
|N
Tuesday

Textbook|N
:|N
 Field|N
,|N
|N
A|N
.|N
|N
|N
(|N
2013|N
)|N
|N
.|N
 Discovering|N
Statistics|N
Using|N
IBM|N
SPSS|N
Statistics|N
,|N
|N
4th Edition|N
.|N
 |N
Sage|N
Publications|N
:|N
|N
London|N
.|N
 |N
The|N
book|N
is|N
available|N
at|N
the|N
Coop|N
,|N
|N
and|N
on|N
-|N
line|N
at|N
the publisher|N
'|N
s|N
website|N
,|N
|N
at Amazon and|N
probably|N
other|N
places|N
.|N
 |N
The|N
sage|N
site|N
also|N
contains|N
a|N
link|N
to the|N
companion|N
site|N
.|N
 |N
You|N
should|N
be|N
familiar|N
with|N
the|N
contents|N
in|N
Chapters|N
1|N
and|N
2|N
for|N
the|N
first|N
class|N
.|N
 |N
If|N
you’ve|N
taken|N
an|N
intro|N
stats|N
course|N
,|N
|N
this|N
should|N
be|N
a|N
review|N
.|N
 |N
However|N
,|N
|N
do|N
pay|N
special|N
attention|N
to|N
sections|N
1|N
.|N
2|N
.|N
1|N
|N
(|N
the|N
research|N
process|N
)|N
|N
and|N
2|N
.|N
4|N
|N
(|N
modeling|N
)|N
|N
,|N
|N
as|N
these|N
are|N
the|N
conceptual|N
underpinnings|N
of|N
this|N
class|N
and|N
to|N
sections|N
1|N
.|N
7|N
|N
(|N
reporting|N
data|N
)|N
|N
and|N
2|N
.|N
7|N
.|N
1|N
|N
(|N
effect|N
sizes|N
)|N
|N
,|N
|N
as|N
they|N
reflect|N
how|N
you|N
should|N
write|N
up|N
answers|N
to|N
both|N
homework|N
|N
&|N
|N
the|N
exa

texts|N
are|N
Vivian|N
Gonick’s|N
The|N
Situation|N
and|N
the|N
Story|N
and|N
Phillip|N
Lopate|N
'|N
s To|N
Show|N
and|N
to|N
Tell|N
.|N
 Grading|N
will|N
be|N
based|N
on|N
the|N
quality|N
of|N
the|N
essays|N
and|N
critiques|N
submitted|N
as|N
well|N
as|N
class|N
participation|N
.|N
|N
REQUIRED|N
TEXTS|N
:|N
|N
Vivian|N
Gornick|N
,|N
|N
The|N
Situation|N
and|N
the|N
StoryPhillip|N
Lopate|N
,|N
|N
To|N
Show|N
and|N
to|N
Tell |N
|N
|N
SYLLABUS|N
Aug|N
.|N
|N
30|N
 |N
 |N
 |N
 |N
 INTRODUCTION|N
Sep|N
.|N
|N
6|N
 |N
 |N
 |N
 |N
 |N
 The|N
Situation|N
and|N
the|N
Story |N
&|N
|N
To|N
Show|N
and|N
To|N
Tell|N
|N
(|N
chapters|N
TBA|N
)|N
|N
 |N
 |N
 |N
 |N
 |N
Sep|N
.|N
|N
13|N
 |N
 |N
 |N
 |N
  Short|N
Essay—students|N
1|N
,|N
|N
2|N
,|N
|N
3|N
Sep|N
.|N
|N
20|N
 |N
 |N
 |N
 |N
 |N
students|N
4|N
,|N
|N
5|N
,|N
|N
6 |N
Sep 27|N
 |N
 |N
 |N
 |N
 |N
 students|N
7|N
,|N
|N
8|N
,|N
|N
9 |N
Oct|N
4|N
 |N
 |N
 |N
 |N
 |N
 |N
 |N
students 10|N
,|N
11|N
,|N
|N
12|N
Oct|N
11|N
 |N
 |N
 |N
 |N
 |N
 |N
students 13|N
,|N
|N
14|N
,|N
|N
15|N
Oct 18|N
 |N
 |N
 |N
 |N
 |N
 |N
Memoir|N
Map|N
|N
&|N
|N
Chapter |N
Oct|N
25|N
 |N
 |N
 |N
 |N
 |N
  students|N
1|N
,|N
|N
2|N
,|N
|N
3|N
Nov|N
1

text|N
book|N
,|N
|N
only|N
recommended|N
books|N
.|N
|N
You|N
might|N
even|N
consider|N
doing|N
without|N
a|N
textbook|N
and|N
relying|N
instead|N
on|N
the|N
tutorials|N
available|N
from|N
Oracle|N
'|N
s|N
website|N
.|N
|N
They|N
are|N
excellent|N
and|N
comprehensive|N
.|N
|N
Book|N
Suggestions|N
:|N
|N
|N
|N
Core|N
Java|N
Volume|N
I|N
-|N
|N
-|N
Fundamentals|N
|N
(|N
10th|N
Edition|N
)|N
|N
|N
(|N
Core|N
Series|N
)|N
|N
10th|N
Edition|N
by|N
Cay|N
Horstmann|N
,|N
|N
ISBN|N
-|N
13|N
:|N
|N
978|N
-|N
0134177304|N
ISBN|N
-|N
10|N
:|N
|N
0134177304|N
|N
|N
Core|N
Java|N
,|N
|N
Volume|N
II|N
-|N
|N
-|N
Advanced|N
Features|N
|N
(|N
10th|N
Edition|N
)|N
|N
|N
(|N
Core|N
Series|N
)|N
|N
10th|N
Edition|N
by|N
Cay|N
Horstmann|N
,|N
|N
ISBN|N
-|N
13|N
:|N
|N
978|N
-|N
0134177298|N
ISBN|N
-|N
10|N
:|N
|N
0134177290|N
|N
Java|N
8|N
in|N
Action|N
:|N
|N
Lamdas|N
,|N
|N
Streams|N
and|N
Functional|N
Programming|N
by|N
by|N
Raoul|N
-|N
Gabriel|N
Urma|N
,|N
|N
Mario|N
Fusco|N
,|N
|N
Alan|N
Mycroft|N
.|N
|N
ISBN|N
-|N
13|N
:|N
|N
978|N
-|N
1617291999|N
ISBN|N
-|N
10|N
:|N
|N
1617291994|N
|N
Oracle|N
tutorials|N
:|N
|N
Tutorial|N
index|N
,|N
|N
also|N
The|N
Really|N
Big|N
Index|N
These|N
lin

Textbook|N
|N
Schaefer|N
,|N
|N
C|N
.|N
Ho|N
,|N
|N
R|N
.|N
|N
Harrop|N
,|N
 Pro|N
Spring|N
,|N
|N
4th Edition|N
,|N
|N
Apress|N
,|N
|N
2014|N
,|N
|N
ISBN|N
978|N
-|N
1430261513|N
|N
Software|N
|N
Web|N
server|N
Tomcat|N
7|N
.|N
x|N
or|N
8|N
.|N
x|N
|N
(|N
Open|N
Source|N
)|N
|N
MySQL|N
Server|N
5|N
.|N
x|N
|N
(|N
Open|N
Source|N
)|N
|N
Maven|N
3|N
.|N
x|N
|N
(|N
Open|N
Source|N
)|N
|N
Eclipse|N
IDE|N
|N
(|N
Open|N
Source|N
)|N
|N
|N
Course|N
Objectives|N
The|N
course|N
is|N
intended|N
to|N
provide|N
students|N
with|N
an|N
understanding|N
of|N
:|N
|N
|N
Spring|N
Framework|N
for|N
Developing|N
Web|N
and|N
Enterprise|N
Applications|N
Design|N
and|N
development|N
approaches|N
for|N
Enterprise|N
-|N
level|N
systems|N
,|N
|N
with|N
focus|N
on|N
database|N
access|N
,|N
|N
transaction|N
management|N
,|N
|N
and|N
security|N
Architecture|N
and|N
design|N
approaches|N
for|N
scalable|N
,|N
|N
modular|N
and|N
high|N
-|N
performance|N
web|N
systems|N
using|N
all|N
technologies|N
described|N
in|N
the|N
Course|N
Description|N
section|N
.|N
 |N
|N
Course|N
Outcomes|N
Upon|N
successful|N
completion|N
of|N
this|N
c

text|N
editors|N
and|N
the|N
command|N
line|N
interface|N
,|N
|N
as|N
described|N
here|N
:|N
|N
http|N
:|N
|N
/|N
|N
/|N
learnpythonthehardway|N
.|N
org|N
/|N
book|N
/|N
appendixa|N
.|N
html |N
|N
Expectations|N
You|N
should|N
have|N
a|N
laptop|N
computer|N
that|N
you|N
can|N
bring|N
to|N
class|N
.|N
|N
Please|N
let|N
me|N
know|N
in|N
advance|N
if|N
this|N
presents|N
a|N
problem|N
.|N
|N
Please|N
review|N
the|N
notes|N
on|N
the|N
|N
"|N
Before|N
the|N
First|N
Day|N
"|N
|N
page|N
,|N
|N
which|N
you|N
can|N
find|N
in|N
the|N
module|N
for|N
the|N
first|N
week|N
,|N
|N
found|N
under|N
the Modules tab|N
on|N
the|N
left|N
.|N
|N
 |N
 |N
|N
Textbooks |N
|N
Required|N
Text|N
:|N
 Think|N
Python|N
,|N
|N
by|N
Allen|N
B|N
.|N
|N
Downey|N
,|N
|N
second|N
edition|N
,|N
|N
O|N
'|N
Reilly|N
,|N
|N
Sebastopol|N
,|N
|N
California|N
.|N
|N
The|N
book|N
has|N
been|N
well|N
received|N
by|N
students|N
and|N
faculty|N
,|N
|N
and|N
has|N
gone|N
through|N
a|N
confusing|N
number|N
of|N
versions|N
.|N
|N
 |N
Here|N
are|N
two|N
of|N
the|N
many|N
on|N
-|N
line|N
texts|N
that|N
you|N
may|N
find|N
useful|N
.|N
|N
 |N
How|N
to|N
think|N
like|N
a|N
Co

Textbooks|N
|N
&|N
|N
Training|N
Videos|N
There|N
is|N
no|N
required|N
textbook|N
for|N
the|N
class|N
.|N
|N
Instead|N
,|N
|N
you|N
will|N
be|N
supplied|N
with|N
a|N
variety|N
of|N
academic|N
articles|N
,|N
|N
online|N
resources|N
,|N
|N
book|N
chapters|N
or|N
sections|N
,|N
|N
and|N
other|N
sources|N
.|N
|N
All|N
videos|N
provided|N
will|N
be|N
required|N
to|N
watch|N
,|N
|N
and|N
required|N
readings|N
are|N
a|N
part|N
of|N
the|N
course|N
.|N
|N
I|N
may recommend|N
other|N
books|N
and|N
resources|N
as|N
we|N
continue|N
throughout|N
the|N
semester|N
.|N
|N
None|N
of|N
the|N
books|N
are|N
required|N
,|N
|N
but|N
you|N
may|N
find|N
them|N
helpful|N
for|N
reference|N
and|N
additional|N
help|N
.|N
|N
You|N
will|N
also|N
be|N
given|N
a|N
subscription|N
to|N
Lynda|N
.|N
com|N
for|N
the|N
duration|N
of|N
this|N
course|N
.|N
|N
These|N
online|N
training|N
videos|N
are|N
also|N
there|N
to|N
supplement|N
the|N
lecture|N
material|N
.|N
|N
You|N
will|N
need|N
a|N
HUID|N
and|N
Harvard|N
PIN|N
to|N
access|N
the|N
Lynda|N
.|N
com|N
resources|N
.|N
|N
Additionally|N
,|N
|N
y

texts|N
.|N
|N
Along|N
the|N
way|N
there|N
will|N
be|N
two|N
quizzes|N
,|N
|N
which|N
will|N
include|N
the|N
translation|N
of|N
a|N
short|N
passage|N
and|N
some|N
questions|N
concerning|N
basic|N
grammar|N
|N
(|N
parsing|N
)|N
|N
.|N
|N
In|N
the|N
second|N
half|N
of|N
the|N
course|N
the|N
translation|N
assignments|N
will|N
become|N
more|N
challenging|N
,|N
|N
and|N
we|N
will|N
discuss|N
more|N
detailed|N
points|N
of|N
grammar|N
.|N
|N
There|N
will|N
also|N
be|N
outside|N
reading|N
assignments|N
.|N
|N
|N
The|N
final|N
exam|N
will|N
focus|N
on|N
translation|N
and|N
grammatical|N
analysis|N
,|N
|N
with|N
an|N
optional|N
essay|N
on|N
a|N
more|N
thematic|N
topic|N
.|N
|N
date                  |N
translation|N
                 |N
grammar|N
and|N
secondary|N
readings|N
|N
|N
|N
|N
|N
30|N
Aug|N
|N
|N
Introduction|N
:|N
|N
The|N
sounds|N
and|N
spellings|N
of|N
Old|N
English|N
|N
|N
Reading|N
from|N
Practice|N
Sentences|N
|N
(|N
handout|N
)|N
|N
|N
|N
|N
|N
6|N
Sept|N
|N
|N
More|N
Practice|N
Sentences|N
;|N
|N
Translate|N
:|N
|N
“Fall|N
of|N
Adam

Textbook|N
Required|N
:|N
|N
Getting|N
to|N
Know|N
ArcGIS|N
|N
(|N
4th|N
Edition|N
)|N
 |N
Authors|N
:|N
|N
Michael|N
Law|N
,|N
|N
Amy|N
Collins|N
Publisher|N
:|N
 ESRI|N
Press|N
|N
(|N
July|N
2015|N
,|N
|N
©|N
2015|N
)|N
|N
ISBN|N
-|N
13|N
:|N
|N
978|N
-|N
1589483828|N
;|N
|N
ISBN|N
-|N
10|N
:|N
|N
1589483820|N
http|N
:|N
|N
/|N
|N
/|N
esripress|N
.|N
esri|N
.|N
com|N
/|N
display|N
/|N
index|N
.|N
cfm|N
?|N
fuseaction|N
=|N
display|N
&|N
websiteID|N
=|N
286|N
&|N
moduleID|N
=|N
0|N
http|N
:|N
|N
/|N
|N
/|N
www|N
.|N
amazon|N
.|N
com|N
/|N
Getting|N
-|N
Know|N
-|N
ArcGIS|N
-|N
Michael|N
-|N
Law|N
/|N
dp|N
/|N
1589483820|N
 |N
Recommended|N
:|N
|N
Geographic|N
Information|N
Systems|N
and|N
Science|N
|N
(|N
4th|N
Edition|N
)|N
|N
Authors|N
:|N
|N
Paul|N
A|N
.|N
|N
Longley|N
,|N
|N
Michael|N
F|N
.|N
|N
Goodchild|N
,|N
|N
David|N
J|N
.|N
|N
Maguire|N
,|N
|N
David|N
W|N
.|N
|N
Rhind|N
Publisher|N
:|N
 Wiley|N
|N
(|N
March|N
2015|N
,|N
|N
©2016|N
)|N
|N
ISBN|N
-|N
13|N
:|N
|N
978|N
-|N
1118676950|N
;|N
|N
ISBN|N
-|N
10|N
:|N
|N
1118676955|N
http|N
:|N
|N
/|N
|N
/|N
www|N
.|N
wiley|N
.|N
com|N
/|N
WileyCDA|N
/|N
WileyTitle|N
/|N
productCd|N
-|N
EHEP003247|N
.|N
html|N
http|N
:|N
|N
/|N
|N
/|N
www|N
.|N
amazon|N
.|N
com|N
/|N
Geographic|N
-|N
Information|N
-|N
Science|N
-|N
Systems|N
-|N
Longley|N
/|N
dp|N
/|N
1118676955|N
/|N
|N
 |N
Course

Texts|N
|N
(|N
available|N
from|N
the|N
Harvard|N
Coop|N
bookstore|N
)|N
|N
Required|N
|N
Shelmerdine|N
,|N
|N
Susan|N
C|N
.|N
|N
2013|N
.|N
|N
Introduction|N
to|N
Latin|N
.|N
|N
2nd|N
edition|N
.|N
|N
Focus|N
Publishing|N
.|N
|N
|N
 |N
Recommended|N
|N
Goldman|N
,|N
|N
Norma|N
W|N
.|N
|N
2004|N
.|N
|N
English|N
Grammar|N
for|N
Students|N
of|N
Latin|N
.|N
|N
The|N
Olivia|N
and|N
Hill|N
Press|N
.|N
|N
|N
(|N
especially|N
for|N
students|N
who|N
have|N
never|N
formally|N
studied|N
language|N
before|N
)|N
|N
.|N
|N
|N
 |N
Course|N
description|N
and|N
learning|N
outcomes|N
This|N
course|N
is|N
for|N
students|N
who|N
wish|N
to|N
learn|N
the|N
basic|N
elements|N
of|N
the|N
Latin|N
language—the|N
language|N
of|N
the|N
ancient|N
Romans|N
and|N
a|N
language|N
of|N
fundamental|N
importance|N
to|N
the|N
development|N
of|N
Western|N
Culture|N
.|N
|N
This|N
course|N
introduces|N
the|N
basics|N
of|N
Latin|N
grammar|N
and|N
syntax|N
,|N
|N
with|N
reading|N
of|N
sentences|N
and|N
very|N
brief|N
passages|N
from|N
Latin|N
authors|N
.|N
|N
We|N
learn|N
the|N
verb|N
forms

Textbook|N
:|N
|N
The|N
required|N
text|N
is|N
Professor|N
Peter|N
A|N
.|N
|N
Carfagna’s|N
Sports|N
and|N
the|N
Law|N
:|N
|N
Examining|N
the|N
Legal|N
Evolution|N
of|N
America’s|N
Three|N
“Major|N
League”|N
Sports|N
3d|N
Ed|N
.|N
|N
|N
(|N
West|N
2017|N
)|N
|N
,|N
|N
ISBN|N
:|N
|N
9781683288213|N
,|N
|N
available|N
in|N
the|N
Law|N
Coop|N
,|N
|N
or|N
online|N
at|N
Amazon|N
or|N
West|N
Academic|N
.|N
|N
Live|N
Sessions|N
:|N
|N
Throughout|N
the|N
course|N
,|N
|N
there|N
will|N
be|N
5|N
-|N
8|N
Live|N
Sessions|N
hosted|N
by|N
Profs|N
.|N
|N
Carfagna|N
and|N
Volante|N
on|N
Thursday|N
evenings|N
.|N
 The|N
schedule|N
is|N
|N
(|N
all|N
times|N
are|N
ET|N
)|N
|N
:|N
|N
|N
August|N
31|N
,|N
|N
7|N
:|N
00|N
–|N
8|N
:|N
00pm|N
September|N
21|N
,|N
|N
6|N
:|N
00|N
–|N
7|N
:|N
00pm|N
October|N
19|N
,|N
|N
6|N
:|N
00|N
–|N
7|N
:|N
00pm|N
November|N
16|N
,|N
|N
7|N
:|N
00|N
–|N
8|N
:|N
00pm|N
November|N
30|N
,|N
|N
7|N
:|N
00|N
–|N
8|N
:|N
00pm|N
December|N
7|N
,|N
|N
6|N
:|N
00|N
–|N
7|N
:|N
00pm|N
|N
Guest|N
Speakers|N
:|N
|N
Guest|N
Speakers|N
are|N
included|N
in|N
the|N
recorded|N
lecture|N
videos|N
and|N
others|N
will|N
also|N
be|N
invited|N
to|N
join|N
us|N
,|N
|N
on|N
dates|N
to|N
be|N
determine

Textbooks|N
:|N
|N
~|N
|N
 |N
Required|N
:|N
|N
|N
Gail|N
Anderson|N
,|N
 Reinventing|N
the|N
Museum|N
,|N
The|N
Evolving|N
Conversation|N
on|N
the|N
Paradigm|N
Shift|N
,|N
2ndedition|N
,|N
|N
|N
(|N
AltaMira|N
Press|N
,|N
|N
2013|N
)|N
|N
432|N
pages|N
,|N
|N
ISBN|N
978|N
-|N
0759119659|N
|N
Recommended|N
:|N
|N
|N
Stephen|N
E|N
.|N
|N
Weil|N
,|N
 Making|N
Museums|N
Matter|N
(|N
Smithsonian|N
Institution|N
Press|N
,|N
|N
2002|N
)|N
|N
273|N
pages|N
,|N
|N
ISBN|N
1588340252|N
Mary|N
|N
(|N
and|N
Edward|N
P|N
.|N
|N
)|N
|N
Alexander|N
,|N
 Museums|N
in|N
Motion|N
:|N
|N
an|N
Introduction|N
to|N
the|N
History|N
and|N
Functions|N
of|N
Museums|N
,|N
2nd edition|N
|N
(|N
AltaMira|N
Press|N
2007|N
)|N
|N
366|N
pages|N
ISBN|N
075910509X|N
Timothy|N
Ambrose|N
and|N
Crispin|N
Paine|N
,|N
 Museum|N
Basics|N
,|N
|N
3rdedition|N
|N
(|N
Routledge|N
2013|N
)|N
|N
496|N
pages|N
,|N
|N
ISBN|N
978|N
-|N
0415619349|N
|N
All|N
books|N
will|N
be|N
on|N
Reserve|N
in|N
Grossman|N
Library|N
.|N
|N
GRADING|N
 |N
The|N
most|N
important|N
thing|N
is|N
that|N
everything|N
counts|N
|N
-|N
|N
class|N
participation|N
,|N
|N
reactions|N
and|N
responses

textual|N
evidence|N
and|N
analysis|N
.|N
|N
—|N
That|N
,|N
|N
for|N
papers|N
of|N
the|N
more|N
argumentative|N
type|N
,|N
|N
you|N
will|N
not|N
simply|N
write|N
up|N
the|N
first|N
idea|N
that|N
comes|N
to|N
you|N
,|N
|N
but|N
spend|N
some|N
time|N
considering|N
different|N
possible|N
arguments|N
and|N
then|N
develop|N
the|N
most|N
promising|N
one|N
as|N
deeply|N
as|N
you|N
can|N
,|N
|N
considering|N
objections|N
to|N
it|N
.|N
|N
—|N
That|N
you|N
will|N
turn|N
papers|N
in|N
on|N
time|N
|N
(|N
by|N
uploading|N
them|N
to|N
Canvas|N
before|N
class|N
)|N
|N
.|N
|N
—|N
That|N
you|N
will|N
retain|N
enough|N
of|N
the|N
main|N
ideas|N
of|N
the|N
course|N
such|N
that|N
,|N
|N
at|N
the|N
end|N
of|N
the|N
semester|N
,|N
|N
you|N
can|N
answer|N
straightforward|N
questions|N
about|N
them|N
on|N
the|N
final|N
exam|N
.|N
|N
 |N
Required|N
Texts|N
:|N
|N
Plato|N
,|N
|N
The|N
Trial|N
and|N
Death|N
of|N
Socrates|N
,|N
|N
Hackett|N
9780872205543|N
Aristotle|N
,|N
|N
Nicomachean|N
Ethics|N
,|N
|N
Hackett|N
9780872204645|N
Montaigne|N
,|N
|N
Essays|N
:|N
|N
A|N
Selection|N
,|N
|N
Pengui

Textbooks|N
:|N
|N
There|N
are|N
two|N
required|N
textbooks|N
for|N
the|N
course|N
,|N
|N
one|N
for|N
learning|N
statistical|N
concepts|N
and|N
another|N
for|N
learning|N
how|N
to|N
use|N
statistical|N
software|N
:|N
|N
|N
For|N
learning|N
statistical|N
concepts|N
,|N
|N
the|N
required|N
textbook|N
is|N
OpenIntro|N
Statistics|N
,|N
|N
3rd|N
Edition|N
by|N
David|N
M|N
.|N
|N
Dietz|N
,|N
|N
Christopher|N
D|N
.|N
|N
Barr|N
,|N
|N
and|N
Mine|N
Cetinkaya|N
-|N
Rundel|N
published|N
in|N
2015|N
.|N
|N
It|N
is|N
available|N
online|N
for|N
free|N
as|N
a|N
pdf|N
or|N
for|N
less|N
than|N
|N
$|N
10|N
from|N
Amazon|N
:|N
|N
https|N
:|N
|N
/|N
|N
/|N
www|N
.|N
openintro|N
.|N
org|N
/|N
stat|N
/|N
textbook|N
.|N
php|N
?|N
stat|N
_|N
book|N
=|N
os|N
|N
|N
|N
For|N
learning|N
statistical|N
software|N
,|N
|N
the|N
required|N
textbook|N
is|N
A|N
Student’s|N
Guide|N
to|N
R|N
by|N
Nicholas|N
J|N
.|N
|N
Horton|N
,|N
|N
Daniel|N
T|N
.|N
|N
Kaplan|N
,|N
|N
and|N
Randall|N
Pruim|N
.|N
|N
It|N
is|N
available|N
on|N
the|N
course|N
website|N
for|N
free|N
as|N
a|N
pdf|N
or|N
online|N
via|N
this|N
link|N
:|N
 https|N
:|N
|N
/|N
|N
/|N
cran|N
.|N
r|N
-|N
project|N
.|N
org|N
/|N
doc|N
/|N
con

Textbook|N
:|N
|N
Natural|N
Disasters|N
in|N
a|N
Global|N
Environment|N
,|N
|N
Anthony|N
Penna|N
and|N
Jennifer|N
Rivers|N
,|N
|N
Wiley|N
-|N
Blackwell|N
2013|N
And|N
supplementary|N
online|N
reading|N
Class|N
time|N
:|N
|N
Thursdays|N
5|N
:|N
30|N
–|N
7|N
:|N
30|N
PM|N
|N
|N
Course|N
goals|N
:|N
|N
Welcome|N
!|N
|N
This|N
course|N
is|N
a|N
global|N
treatment|N
of|N
environmental|N
history|N
and|N
the|N
science|N
of|N
natural|N
and|N
man|N
-|N
made|N
disasters|N
.|N
|N
The|N
class|N
presents|N
basic|N
science|N
,|N
|N
along|N
with|N
case|N
studies|N
of|N
past|N
and|N
present|N
events|N
and|N
examines|N
a|N
range|N
of|N
disasters|N
including|N
volcanoes|N
,|N
|N
earthquakes|N
,|N
|N
floods|N
,|N
|N
tsunami|N
,|N
|N
landslides|N
,|N
|N
hurricanes|N
,|N
|N
pandemic|N
diseases|N
,|N
|N
meteorite|N
impacts|N
,|N
|N
and|N
climate|N
change|N
.|N
|N
Class|N
lectures|N
and|N
discussions|N
will|N
highlight|N
the|N
role|N
of|N
science|N
in|N
studying|N
natural|N
disasters|N
and|N
will|N
describe|N
the|N
mechanisms|N
responsible|N
for|N
these|N
phenomena|N
.|N


Textbook|N
:|N
 |N
Kotler|N
|N
&|N
|N
Keller|N
.|N
 |N
Framework|N
for|N
Marketing|N
Management|N
,|N
|N
6th|N
edition|N
.|N
 |N
Pearson|N
Prentice|N
Hall|N
.|N
 |N
Copyright|N
2016|N
.|N
 |N
ISBN|N
|N
-|N
13|N
:|N
 |N
9780133871319|N
|N
Course|N
Overview|N
:|N
 |N
MGMT|N
6000|N
|N
-|N
|N
This|N
course|N
focuses|N
on|N
the|N
managerial|N
skills|N
,|N
|N
tools|N
,|N
|N
and|N
concepts|N
required|N
to|N
produce|N
a|N
mutually|N
satisfying|N
exchange|N
between|N
consumers|N
and|N
providers|N
of|N
goods|N
,|N
|N
services|N
,|N
|N
and|N
ideas|N
.|N
|N
The|N
material|N
is|N
presented|N
in|N
a|N
three|N
-|N
part|N
sequence|N
.|N
|N
Part|N
one|N
deals|N
with|N
understanding|N
the|N
market|N
place|N
.|N
|N
Part|N
two|N
deals|N
with|N
the|N
individual|N
parts|N
of|N
the|N
marketing|N
program|N
such|N
as|N
pricing|N
,|N
|N
promotion|N
,|N
|N
product|N
decisions|N
,|N
|N
and|N
distribution|N
.|N
|N
Part|N
three|N
of|N
the|N
course|N
deals|N
with|N
overall|N
strategy|N
formulation|N
and|N
control|N
of|N
the|N
marketing|N
function|N
.|N
|N
Students|N
in|N
this|N
course|N
will|N
come

Textbooks|N
:|N
|N
|N
Required|N
:|N
|N
|N
Creating|N
Exhibitions|N
:|N
|N
Collaboration|N
in|N
the|N
Planning|N
Development|N
and|N
Design|N
of|N
Innovative|N
Experiences|N
by|N
Polly|N
McKenna|N
-|N
Cress|N
and|N
Janet|N
A|N
.|N
|N
Kamien|N
,|N
|N
Wiley|N
,|N
|N
October|N
2013|N
,|N
|N
paperback|N
,|N
|N
304|N
pages|N
.|N
|N
ISBN|N
978|N
-|N
1118306345|N
|N
|N
Manual|N
of|N
Museum|N
Exhibitions|N
,|N
|N
by|N
Barry|N
Lord|N
and|N
Maria|N
Piacente|N
,|N
|N
Roman|N
and|N
Littlefield|N
,|N
|N
April|N
2014|N
,|N
|N
paperback|N
,|N
|N
456|N
pages|N
.|N
|N
ISBN|N
978|N
-|N
0759122703|N
|N
(|N
Note|N
:|N
|N
this|N
is|N
a|N
second|N
edition|N
of|N
this|N
title|N
.|N
|N
)|N
|N
Other|N
resources|N
will|N
be|N
available|N
on|N
the|N
course|N
website|N
|N
(|N
see|N
URL|N
below|N
)|N
|N
or|N
on|N
reserve|N
at|N
Grossman|N
Library|N
.|N
|N
|N
Instructor|N
:|N
|N
|N
Shelley|N
N|N
.|N
|N
Monaghan|N
|N
E|N
-|N
mail|N
:|N
|N
shelleyn|N
@|N
comcast|N
.|N
netAvailable|N
by|N
appointment|N
Phone|N
:|N
|N
508–586–3541|N
|N
Course|N
website|N
:|N
|N
https|N
:|N
|N
/|N
|N
/|N
canvas|N
.|N
harvard|N
.|N
edu|N
/|N
courses|N
/|N
33225|N
Grading|N
will|N
be|N
based|N
upon|N
three|N
a

Texts|N
|N
Evolution|N
:|N
|N
Making|N
Sense|N
of|N
Life|N
.|N
|N
Zimmer|N
and|N
Emlen|N
.|N
|N
Roberts|N
|N
&|N
|N
Company|N
Publishers|N
2013|N
or|N
2015|N
.|N
|N
|N
The|N
Beak|N
of|N
the|N
Finch|N
:|N
|N
A|N
Story|N
of|N
Evolution|N
in|N
Our|N
Time|N
.|N
|N
Jonathan|N
Weiner|N
.|N
|N
Vintage|N
1995|N
.|N
|N
|N
In|N
the|N
Light|N
of|N
Evolution|N
,|N
|N
Essays|N
from|N
the|N
Laboratory|N
and|N
Field|N
.|N
|N
Edited|N
by|N
Jonathan|N
Losos|N
.|N
|N
Roberts|N
|N
&|N
|N
Company|N
Publishers|N
.|N
|N
2011|N
.|N
|N
|N
 |N
Academic|N
Honesty|N
You|N
are|N
responsible|N
for|N
understanding Harvard Extension|N
School|N
policies|N
on|N
academic|N
integrity|N
|N
(|N
www|N
.|N
extension|N
.|N
harvard|N
.|N
edu|N
/|N
resources|N
-|N
policies|N
/|N
student|N
-|N
conduct|N
/|N
academic|N
-|N
integrity|N
)|N
|N
and|N
how|N
to|N
use|N
sources|N
responsibly|N
.|N
|N
Not|N
knowing|N
the|N
rules|N
,|N
|N
misunderstanding|N
the|N
rules|N
,|N
|N
running|N
out|N
of|N
time|N
,|N
|N
submitting|N
|N
"|N
the|N
wrong|N
draft|N
"|N
|N
,|N
|N
or|N
being|N
overwhelmed|N
with|N
multiple|N
demands|N
are|N
not|N
acceptable|N
excuses|N
.|N
|N
Th

Textbook|N
:|N
|N
John|N
Komlos|N
,|N
|N
What|N
Every|N
Economics|N
Student|N
Needs|N
to|N
Know|N
and|N
Doesn’t|N
Get|N
in|N
the|N
Usual|N
Principles|N
Text|N
.|N
|N
|N
(|N
M|N
.|N
E|N
.|N
|N
Sharpe|N
:|N
|N
2014|N
)|N
|N
.|N
|N
 Week|N
1|N
.|N
|N
Read|N
Ch|N
.|N
|N
1|N
|N
&|N
|N
take|N
Quiz|N
1|N
 Week|N
2|N
.|N
|N
Read|N
Ch|N
.|N
|N
2|N
|N
&|N
|N
take|N
Quiz|N
2|N
 Week|N
3|N
.|N
|N
Read|N
Ch|N
.|N
|N
3|N
|N
&|N
|N
take|N
Quiz|N
3|N
 Week|N
4|N
.|N
|N
Read|N
Ch|N
.|N
|N
4|N
|N
&|N
|N
take|N
Quiz|N
4a|N
Psychology|N
:|N
|N
the|N
economics|N
of|N
bounded|N
rationality|N
.|N
|N
 Watch|N
:|N
|N
Nobel|N
Prize|N
Lecture|N
,|N
|N
December|N
8|N
,|N
|N
2002|N
.|N
|N
Daniel|N
Kahneman|N
,|N
|N
Maps|N
of|N
Bounded|N
Rationality|N
:|N
|N
A|N
Perspective|N
on|N
intuitive|N
Judgment|N
and|N
choice|N
.|N
|N
http|N
:|N
|N
/|N
|N
/|N
nobelprize|N
.|N
org|N
/|N
mediaplayer|N
/|N
index|N
.|N
php|N
?|N
id|N
=|N
531|N
Take|N
Quiz|N
4|N
b|N
Optional|N
:|N
|N
Watch|N
Dan|N
Ariely|N
:|N
|N
http|N
:|N
|N
/|N
|N
/|N
fora|N
.|N
tv|N
/|N
2010|N
/|N
06|N
/|N
07|N
/|N
Dan|N
_|N
Ariely|N
_|N
The|N
_|N
Upside|N
_|N
of|N
_|N
Irrationality|N
;|N
|N
 Week|N
5|N
.|N
|N
Read|N
Ch|N
.|N
|N
5|N
|N
&|N
|N
take|N
Quiz|N
5a|N
and|N
Quiz|N
5b|N
 Watch|N
:|N
|N
Daniel|N
Kahneman|N
on|N
Well|N
-|N
being|N
:|N
|N
http|N
:|N
|N
/|N
|N
/|N
www|N
.|N
uctv|N
.|N
tv|N
/|N
sea

text|N
book|N
for|N
this|N
course|N
is|N
:|N
|N
Creswell|N
,|N
|N
J|N
.|N
|N
|N
(|N
2013|N
)|N
|N
Research|N
Design|N
:|N
|N
Qualitative|N
,|N
|N
Quantitative|N
,|N
|N
and|N
Mixed|N
Methods|N
Approaches|N
,|N
|N
4th|N
Edition|N
,|N
|N
Sage|N
Publishers|N
.|N
|N
 ISBN|N
978|N
-|N
1|N
-|N
4522|N
-|N
2610|N
-|N
1|N
As|N
this|N
is|N
a|N
new|N
course|N
offering|N
,|N
|N
the|N
syllabus|N
assignments|N
may|N
change|N
prior|N
to|N
the|N
start|N
of|N
the|N
course|N
.|N
|N
 |N
|N
|N
|N
|N
|N
 Course|N
Information|N
|N
|N
|N
|N
|N
  |N
|N
|N
|N
|N
|N
|N
|N
|N
Student|N
Support|N
Tips|N
|N
|N
|N
|N
Instructor|N
Support|N
Tips|N
|N
|N
|N
|N
|N
 |N
|N
|N
The|N
syllabus|N
page|N
shows|N
a|N
table|N
-|N
oriented|N
view|N
of|N
the|N
course|N
schedule|N
,|N
|N
and|N
the|N
basics|N
of|N
course|N
grading|N
.|N
|N
|N
You|N
can|N
add|N
any|N
other|N
comments|N
,|N
|N
notes|N
,|N
|N
or|N
thoughts|N
you|N
have|N
about|N
the|N
course|N
structure|N
,|N
|N
course|N
policies|N
or|N
anything|N
else|N
.|N
|N
To|N
add|N
some|N
comments|N
,|N
|N
click|N
the|N
|N
"|N
Edit|N
"|N
|N
link|N
at|N
the|N
top|N
.|N
|N
|N
|N
|N
HTML|N
Editor|N
Rich|N
Content|N
Editor|N
|N
Syllabus|N
Description|N
:|N


texts|N
and|N
their|N
ideas|N
.|N
|N
Writing|N
is|N
a|N
crucial|N
skill|N
that|N
nearly|N
every|N
scholar|N
considers|N
central|N
to|N
his|N
or|N
her|N
work|N
in|N
academia|N
.|N
|N
Writing|N
is|N
not|N
,|N
|N
however|N
,|N
|N
simply|N
the|N
mastery|N
of|N
a|N
particular|N
technique|N
or|N
genre|N
of|N
expression|N
;|N
|N
the|N
writing|N
process|N
mirrors|N
the|N
scholarly|N
process|N
itself|N
.|N
|N
In|N
order|N
to|N
know|N
what|N
to|N
write|N
,|N
|N
we|N
must|N
first|N
learn|N
to|N
analyze|N
,|N
|N
criticize|N
,|N
|N
and|N
question|N
.|N
|N
In|N
order|N
to|N
know|N
what|N
is|N
important|N
to|N
write|N
,|N
|N
we|N
must|N
learn|N
 to|N
develop|N
,|N
|N
refine|N
,|N
|N
and|N
reconsider|N
our|N
questions|N
and|N
arguments|N
.|N
|N
In|N
order|N
to|N
write|N
clearly|N
,|N
|N
we|N
must|N
learn|N
to|N
organize|N
,|N
|N
structure|N
,|N
|N
and|N
articulate|N
our|N
ideas|N
and|N
arguments|N
.|N
|N
In|N
this|N
course|N
,|N
|N
we|N
will|N
be|N
working|N
on|N
each|N
of|N
these|N
skills|N
|N
(|N
and|N
more|N
)|N
|N
.|N
|N
We|N
will|N
be|N
practicing|N
them|N
extensively|N
,|N
|N
but|N
that|N
is|N
not|N
al

texts|N
available|N
on|N
reserve|N
at|N
Grossman|N
Library|N
:|N
|N
|N
Pollock|N
,|N
|N
Philip|N
H|N
.|N
|N
.|N
|N
The|N
essentials|N
of|N
political|N
analysis|N
|N
(|N
Fourth|N
Edition|N
)|N
|N
.|N
|N
CQ|N
Press|N
,|N
|N
2012|N
.|N
|N
Bardach|N
,|N
|N
Eugene|N
and|N
Erik|N
M|N
.|N
|N
Patashnik|N
.|N
|N
A|N
practical|N
guide|N
for|N
policy|N
analysis|N
:|N
|N
The|N
Eightfold|N
Path|N
to|N
More|N
Effective|N
Problem|N
Solving|N
|N
(|N
Fifth|N
Edition|N
)|N
|N
.|N
|N
CQ|N
Press|N
,|N
|N
2016|N
.|N
|N
Smith|N
,|N
|N
Catherine|N
F|N
.|N
|N
Writing|N
public|N
policy|N
.|N
|N
A|N
practical|N
guide|N
to|N
communicating|N
the|N
policy|N
-|N
making|N
process|N
|N
(|N
Fourth|N
Edition|N
)|N
|N
.|N
|N
Oxford|N
University|N
Press|N
,|N
|N
2016|N
.|N
|N
|N
All|N
the|N
other|N
course|N
readings|N
are available|N
on|N
the|N
course|N
website|N
,|N
|N
under|N
|N
"|N
Modules|N
"|N
|N
.|N
|N
  |N
Course|N
Policies|N
Grading|N
Requirements|N
UNDERGRADUATE|N
STUDENTS|N
20|N
%|N
|N
Class|N
attendance|N
and|N
participation|N
20|N
%|N
|N
In|N
-|N
class|N
presentations|N
20|N
%|N
|N
In|N
-|N
class|N
policy|N
framing|N
exercise|N
,|N
|N
on|N
9|N
/|N
14|N
/|N
17 |N
20|N
%|N


Texts|N
:|N
|N
The|N
only|N
required|N
text|N
for|N
the|N
proposal|N
tutorial|N
is|N
the|N
APA’s|N
publication|N
manual|N
|N
(|N
sixth|N
edition|N
–|N
available|N
relatively|N
inexpensively|N
online|N
or|N
at|N
the|N
Harvard|N
Coop|N
)|N
|N
.|N
|N
Other|N
readings|N
,|N
|N
including|N
articles|N
on|N
conducting|N
research|N
and|N
scholarly|N
writing|N
,|N
|N
will|N
be|N
provided|N
during|N
the|N
tutorial|N
.|N
 |N
In|N
addition|N
to|N
this|N
text|N
,|N
|N
you|N
should|N
also|N
refer|N
to|N
the|N
following|N
two|N
websites|N
:|N
|N
1|N
)|N
|N
Guide|N
to|N
the|N
ALM|N
Thesis|N
:|N
|N
https|N
:|N
|N
/|N
|N
/|N
thesis|N
.|N
extension|N
.|N
harvard|N
.|N
edu|N
2|N
)|N
|N
Information|N
about|N
the|N
overall|N
thesis|N
process|N
on|N
the|N
main|N
Extension|N
School|N
website|N
:|N
 |N
 www|N
.|N
extension|N
.|N
harvard|N
.|N
edu|N
/|N
resources|N
-|N
policies|N
/|N
completing|N
-|N
your|N
-|N
degree|N
/|N
thesis|N
-|N
process|N
 |N
Academic|N
Integrity|N
:|N
 |N
Please|N
note|N
that|N
as|N
a|N
Harvard|N
Extension|N
School|N
student|N
,|N
|N
you|N
are|N
responsible|N
for|N
reading|N
and|N
und

Texts|N
To|N
complement|N
the|N
individualized|N
guidance|N
by|N
the|N
instructor|N
,|N
|N
students|N
are|N
encouraged|N
to|N
view|N
a|N
series|N
of|N
short|N
video|N
presentations|N
on|N
various|N
aspects|N
of|N
the|N
ALM|N
thesis|N
research|N
process|N
.|N
|N
These|N
presentations|N
include|N
:|N
 |N
|N
Using|N
Harvard|N
library|N
resources|N
Using|N
the|N
Guide|N
to|N
the|N
Thesis|N
website|N
Selecting|N
an|N
appropriate|N
thesis|N
topic|N
/|N
research|N
questions|N
Overview|N
of|N
sections|N
of|N
a|N
thesis|N
proposal|N
Tips|N
for|N
academic|N
writing|N
Proper|N
note|N
taking|N
procedures|N
Working|N
with|N
Harvard|N
'|N
s|N
IRB|N
What|N
you|N
can|N
do|N
with|N
your|N
thesis|N
after|N
it|N
'|N
s|N
done|N
|N
The|N
only|N
required|N
text|N
for|N
the|N
proposal|N
tutorial|N
is|N
the|N
APA|N
publication|N
manual|N
|N
(|N
sixth|N
edition|N
available|N
relatively|N
inexpensively|N
online|N
or|N
at|N
the|N
Harvard|N
Coop|N
)|N
|N
.|N
|N
Other|N
readings|N
,|N
|N
including|N
articles|N
on|N
c

texts|N
as|N
reflections|N
on|N
theory|N
.|N
|N
We|N
will|N
shed|N
light|N
on|N
these|N
questions|N
through|N
a|N
range|N
of|N
literary|N
and|N
critical|N
texts|N
,|N
|N
which|N
we|N
will|N
bring|N
into|N
comparison|N
.|N
|N
We|N
will|N
consider|N
three|N
pairings|N
:|N
|N
first|N
,|N
|N
Virginia|N
Woolf|N
'|N
s|N
novel|N
Orlando|N
|N
(|N
1928|N
)|N
|N
with|N
her|N
essay|N
A|N
Room|N
of|N
One|N
'|N
s|N
Own|N
|N
(|N
1929|N
)|N
|N
;|N
|N
then|N
,|N
|N
Honoré|N
de|N
Balzac|N
'|N
s|N
short|N
story|N
Sarrasine|N
|N
(|N
1830|N
)|N
|N
with|N
its|N
extensive|N
commentary|N
by|N
Roland|N
Barthes|N
in|N
S|N
/|N
Z|N
|N
(|N
1970|N
)|N
|N
;|N
|N
finally|N
,|N
|N
Jorge|N
Luis|N
Borges|N
'|N
s|N
anthology|N
of|N
short|N
-|N
story|N
Fictions|N
|N
(|N
1944|N
)|N
|N
with|N
Michel|N
Foucault|N
'|N
s|N
The|N
Order|N
of|N
Things|N
|N
(|N
1966|N
)|N
|N
.|N
|N
By|N
engaging|N
with|N
these|N
six|N
seminal|N
works|N
,|N
|N
the|N
course|N
offers|N
a|N
focused|N
yet|N
comprehensive|N
overview|N
of|N
some|N
of|N
the|N
issues|N
debated|N
by|N
literary|N
theorists|N
:|N
|N
authorship|N
,|N
|N
style|N
,|N
|N
gender|N
,|N
|N
class|N
,|N
|N
interpretation|N
,|N
|N
semiotics|N
,|N


texts|N
and|N
their|N
ideas|N
.|N
|N
Writing|N
is|N
a|N
crucial|N
skill|N
that|N
nearly|N
every|N
scholar|N
considers|N
central|N
to|N
his|N
or|N
her|N
work|N
in|N
academia|N
.|N
|N
Writing|N
is|N
not|N
,|N
|N
however|N
,|N
|N
simply|N
the|N
mastery|N
of|N
a|N
particular|N
technique|N
or|N
genre|N
of|N
expression|N
;|N
|N
the|N
writing|N
process|N
mirrors|N
the|N
scholarly|N
process|N
itself|N
.|N
|N
In|N
order|N
to|N
know|N
what|N
to|N
write|N
,|N
|N
we|N
must|N
first|N
learn|N
to|N
analyze|N
,|N
|N
criticize|N
,|N
|N
and|N
question|N
.|N
|N
In|N
order|N
to|N
know|N
what|N
is|N
important|N
to|N
write|N
,|N
|N
we|N
must|N
learn|N
 to|N
develop|N
,|N
|N
refine|N
,|N
|N
and|N
reconsider|N
our|N
questions|N
and|N
arguments|N
.|N
|N
In|N
order|N
to|N
write|N
clearly|N
,|N
|N
we|N
must|N
learn|N
to|N
organize|N
,|N
|N
structure|N
,|N
|N
and|N
articulate|N
our|N
ideas|N
and|N
arguments|N
.|N
|N
In|N
this|N
course|N
,|N
|N
we|N
will|N
be|N
working|N
on|N
each|N
of|N
these|N
skills|N
|N
(|N
and|N
more|N
)|N
|N
.|N
|N
We|N
will|N
be|N
practicing|N
them|N
extensively|N
,|N
|N
but|N
that|N
is|N
not|N
al

Textbook|N
:|N
 |N
Kotler|N
|N
&|N
|N
Keller|N
.|N
 |N
Framework|N
for|N
Marketing|N
Management|N
,|N
|N
6th|N
edition|N
.|N
 |N
Pearson|N
Prentice|N
Hall|N
.|N
 |N
Copyright|N
2016|N
.|N
 |N
ISBN|N
|N
-|N
13|N
:|N
 |N
9780133871319|N
|N
Course|N
Overview|N
:|N
 |N
MGMT|N
6000|N
|N
-|N
|N
This|N
course|N
focuses|N
on|N
the|N
managerial|N
skills|N
,|N
|N
tools|N
,|N
|N
and|N
concepts|N
required|N
to|N
produce|N
a|N
mutually|N
satisfying|N
exchange|N
between|N
consumers|N
and|N
providers|N
of|N
goods|N
,|N
|N
services|N
,|N
|N
and|N
ideas|N
.|N
|N
The|N
material|N
is|N
presented|N
in|N
a|N
three|N
-|N
part|N
sequence|N
.|N
|N
Part|N
one|N
deals|N
with|N
understanding|N
the|N
market|N
place|N
.|N
|N
Part|N
two|N
deals|N
with|N
the|N
individual|N
parts|N
of|N
the|N
marketing|N
program|N
such|N
as|N
pricing|N
,|N
|N
promotion|N
,|N
|N
product|N
decisions|N
,|N
|N
and|N
distribution|N
.|N
|N
Part|N
three|N
of|N
the|N
course|N
deals|N
with|N
overall|N
strategy|N
formulation|N
and|N
control|N
of|N
the|N
marketing|N
function|N
.|N
|N
Students|N
in|N
this|N
course|N
will|N
come

Texts|N
|N
&|N
|N
Technology|N
Summary|N
:|N
|N
 |N
$|N
50|N
for|N
a|N
textbook|N
|N
(|N
list|N
price|N
for|N
paperback|N
,|N
|N
can|N
be|N
found|N
for|N
less|N
)|N
|N
|N
+|N
|N
|N
$|N
30|N
for|N
1|N
year|N
of|N
web|N
hosting|N
at|N
Dreamhost|N
|N
(|N
is|N
optional|N
,|N
|N
but|N
strongly|N
encouraged|N
)|N
|N
.|N
|N
Textbook|N
There|N
will|N
be|N
a|N
variety|N
of|N
online|N
resources|N
referenced|N
that|N
are|N
either|N
free|N
or|N
available|N
without|N
additional|N
cost|N
|N
(|N
requires|N
Harvard|N
login|N
,|N
|N
which|N
is|N
given|N
to|N
every|N
registered|N
student|N
)|N
|N
.|N
|N
In|N
addition|N
,|N
|N
there|N
is|N
a|N
required|N
book|N
that|N
is|N
a|N
great|N
single|N
resource|N
that|N
covers|N
a|N
variety|N
of|N
relevant|N
topics|N
in|N
a|N
clear|N
and|N
accurate|N
way|N
:|N
|N
Jennifer|N
Niederst|N
Robbins|N
,|N
|N
2012|N
.|N
|N
Learning|N
Web|N
Design|N
:|N
|N
A|N
Beginner|N
'|N
s|N
Guide|N
to|N
HTML|N
,|N
|N
CSS|N
,|N
|N
JavaScript|N
,|N
|N
and|N
Web|N
Graphics|N
,|N
|N
4th|N
ed |N
(|N
Links|N
to|N
an|N
external|N
site|N
.|N
|N
)|N
|N
.|N
|N
O|N
'|N
Reilly|N
Media|N
.|N
|N
500|N
p|N
.|N
|N
ISBN|N
978|N
-|N
1|N
-|N
4493|N
-|N
3753|N
-|N
8|N
Textbook|N
a

texts|N
,|N
|N
and|N
in|N
planning|N
,|N
|N
conducting|N
,|N
|N
and|N
communicating|N
original|N
research|N
.|N
|N
Readings|N
This|N
course|N
has|N
one|N
required|N
text|N
that|N
you|N
should|N
purchase|N
from|N
the|N
Coop|N
or|N
online|N
is|N
Wayne|N
C|N
.|N
|N
Booth|N
,|N
|N
Gregory|N
G|N
.|N
|N
Colomb|N
,|N
|N
and|N
Joseph|N
M|N
.|N
|N
Williams|N
,|N
|N
The|N
Craft|N
of|N
Research|N
|N
(|N
University|N
of|N
Chicago|N
Press|N
,|N
|N
2008|N
)|N
|N
.|N
|N
All|N
assigned|N
readings|N
will|N
be|N
available|N
on|N
the|N
course|N
website|N
in|N
PDF|N
format|N
.|N
|N
The|N
complete|N
Guide|N
to|N
the|N
ALM|N
Thesis|N
|N
(|N
Seventh|N
Edition|N
)|N
|N
may|N
also|N
be|N
accessed|N
here|N
:|N
|N
https|N
:|N
|N
/|N
|N
/|N
thesis|N
.|N
extension|N
.|N
harvard|N
.|N
edu|N
/|N
social|N
-|N
sciences|N
To|N
use|N
the|N
Harvard|N
Libraries|N
,|N
|N
you|N
should|N
also|N
purchase|N
a|N
Special|N
Borrower’s|N
Card|N
at|N
Widener|N
|N
(|N
|N
$|N
100|N
)|N
|N
to|N
conduct|N
research|N
.|N
|N
Course|N
Requirements|N
The|N
core|N
goal|N
of|N
this|N
seminar|N
is|N
to|N
prepare|N
you|N
to|N
research|N
and|N
write|N
the|N
ALM|N
thesis|N
th

texts|N
and|N
issues|N
we|N
write|N
about—helps|N
you|N
learn|N
more|N
effectively|N
.|N
|N
You|N
should|N
plan|N
on|N
using|N
this|N
notebook|N
during|N
our|N
class|N
sessions|N
as|N
well|N
as|N
on|N
your|N
own|N
when|N
you|N
complete|N
your|N
independent|N
work|N
.|N
|N
|N
(|N
I|N
will|N
occasionally|N
ask|N
you|N
to|N
take|N
a|N
picture|N
of|N
an|N
entry|N
and|N
upload|N
it|N
to|N
our|N
Canvas|N
site|N
so|N
I|N
can|N
get|N
a|N
sense|N
of|N
the|N
thinking|N
you|N
are|N
doing|N
in|N
that|N
part|N
of|N
the|N
course|N
.|N
|N
)|N
|N
|N
|N
|N
Effective|N
Writing|N
exercises|N
:|N
|N
we|N
will|N
practice|N
important|N
issues|N
of|N
sentence|N
clarity|N
,|N
|N
grammar|N
,|N
|N
and|N
effective|N
writing|N
in|N
brief|N
exercises|N
throughout|N
the|N
semester|N
.|N
|N
Those|N
exercises|N
are|N
designed|N
to|N
help|N
you|N
express|N
your|N
good|N
ideas|N
in|N
even|N
more|N
powerful|N
ways|N
.|N
|N
|N
One|N
other|N
important|N
issue|N
to|N
note|N
about|N
your|N
writing|N
in|N
this|N
course|N
:|N
|N
|N
Just|N
as|N
in|N
any|N
workshop|N
course|N
,|N


Texts|N
and|N
Materials|N
All|N
assigned|N
short|N
stories|N
are|N
readily|N
available|N
online|N
for|N
free|N
and|N
will|N
be|N
linked|N
through|N
Canvas|N
.|N
|N
Supplementary|N
reading|N
material|N
will|N
be|N
provided|N
via|N
PDF|N
on|N
Canvas|N
,|N
|N
and|N
the|N
films|N
can|N
be|N
viewed|N
on|N
Netflix|N
or|N
Youtube|N
.|N
|N
Communication|N
The|N
course|N
works|N
best|N
when|N
we|N
treat|N
it|N
as|N
a|N
semester|N
-|N
long|N
conversation|N
about|N
your|N
writing|N
.|N
|N
To|N
make|N
that|N
conversation|N
possible|N
,|N
|N
there|N
are|N
a|N
few|N
important|N
things|N
to|N
remember|N
:|N
|N
|N
|N
Conferences|N
:|N
|N
In|N
each|N
unit|N
of|N
the|N
course|N
,|N
|N
you|N
will|N
submit|N
response|N
papers|N
,|N
|N
a|N
draft|N
,|N
|N
and|N
a|N
revised|N
essay|N
.|N
|N
After|N
you|N
have|N
submitted|N
your|N
draft|N
,|N
|N
we|N
will|N
meet|N
to|N
discuss|N
feedback|N
,|N
|N
which|N
I|N
will|N
have|N
emailed|N
to|N
you|N
beforehand|N
.|N
|N
These|N
conferences|N
give|N
us|N
the|N
opportunity|N
to|N
work|N
together|N
closely|N
on|N
your|N
wri

